X,Y
-258,1.3599999999999999
-258,1.3599999999999999
-258,1.3599999999999999
-258,1.44
-258,1.44
-258,1.52
-258,1.52
-258,1.52
-258,1.52
-258,1.6
-258,1.6
-258,1.52
-258,1.52
-258,1.52
-258,1.52
-258,1.6
-258,1.6
-258,1.6
-258,1.68
-258,1.68
-258,1.76
-258,1.76
-258,1.76
-258,1.8399999999999999
-258,1.8399999999999999
-258,1.92
-262,1.92
-258,1.92
-258,1.92
-262,1.92
-262,2
-262,2
-262,2
-262,2
-262,2
-262,2
-262,2
-262,2.08
-262,2.08
-262,2.08
-262,2.16
-262,2.16
-262,2.16
-262,2.2399999999999998
-262,2.2399999999999998
-262,2.2399999999999998
-262,2.2399999999999998
-262,2.2399999999999998
-262,2.2399999999999998
-262,2.32
-262,2.32
-262,2.2399999999999998
-262,2.32
-262,2.32
-262,2.32
-262,2.32
-262,2.4
-262,2.4
-266,2.48
-266,2.56
-266,2.56
-266,2.48
-266,2.48
-266,2.56
-266,2.56
-266,2.56
-266,2.56
-266,2.56
-266,2.56
-266,2.64
-266,2.64
-266,2.64
-266,2.64
-266,2.64
-266,2.64
-266,2.64
-266,2.7199999999999998
-266,2.7199999999999998
-266,2.7199999999999998
-266,2.8000000000000003
-266,2.8000000000000003
-266,2.8000000000000003
-266,2.8000000000000003
-270,2.88
-266,2.88
-266,2.88
-266,2.88
-266,2.88
-270,2.88
-266,2.88
-266,2.96
-270,2.96
-270,2.96
-270,2.96
-270,3.04
-270,2.96
-270,3.04
-270,3.04
-270,3.04
-270,3.04
-270,3.04
-270,3.04
-270,3.04
-270,3.04
-270,3.04
-270,3.04
-274,3.1199999999999997
-270,3.1199999999999997
-274,3.1199999999999997
-270,3.1199999999999997
-274,3.1199999999999997
-270,3.1199999999999997
-270,3.1199999999999997
-270,3.1199999999999997
-270,3.1199999999999997
-270,3.1199999999999997
-270,3.2
-270,3.2
-270,3.2
-274,3.1199999999999997
-274,3.2
-270,3.2
-274,3.2
-274,3.2
-274,3.2
-274,3.2
-274,3.2800000000000002
-278,3.2800000000000002
-278,3.2
-274,3.2800000000000002
-274,3.2800000000000002
-274,3.2800000000000002
-278,3.2800000000000002
-274,3.2800000000000002
-274,3.2800000000000002
-274,3.2800000000000002
-274,3.2800000000000002
-274,3.2800000000000002
-274,3.2800000000000002
-274,3.2800000000000002
-274,3.2
-274,3.2800000000000002
-274,3.2
-274,3.2
-274,3.2
-274,3.2800000000000002
-274,3.2
-274,3.2
-274,3.2
-274,3.2800000000000002
-274,3.2800000000000002
-274,3.2800000000000002
-278,3.2800000000000002
-278,3.2800000000000002
-278,3.2800000000000002
-278,3.2800000000000002
-278,3.2800000000000002
-278,3.2800000000000002
-278,3.2800000000000002
-278,3.2
-278,3.2
-278,3.2800000000000002
-278,3.2
-278,3.2800000000000002
-278,3.2800000000000002
-278,3.2
-278,3.2
-278,3.2
-278,3.2
-278,3.2
-278,3.2
-278,3.2
-278,3.2
-278,3.2
-278,3.2
-278,3.1199999999999997
-282,3.2
-278,3.1199999999999997
-278,3.1199999999999997
-278,3.1199999999999997
-278,3.1199999999999997
-278,3.1199999999999997
-278,3.1199999999999997
-278,3.1199999999999997
-278,3.1199999999999997
-282,3.1199999999999997
-278,3.1199999999999997
-282,3.1199999999999997
-282,3.1199999999999997
-282,3.04
-282,3.1199999999999997
-282,3.04
-282,3.04
-282,2.96
-282,3.04
-282,3.04
-282,2.96
-282,2.96
-282,2.96
-286,2.96
-282,2.96
-286,2.96
-282,2.96
-282,2.96
-282,2.88
-282,2.88
-282,2.88
-282,2.88
-282,2.88
-282,2.8000000000000003
-282,2.8000000000000003
-282,2.8000000000000003
-282,2.7199999999999998
-282,2.7199999999999998
-282,2.7199999999999998
-282,2.7199999999999998
-282,2.7199999999999998
-286,2.7199999999999998
-282,2.7199999999999998
-286,2.7199999999999998
-286,2.64
-286,2.64
-286,2.64
-286,2.56
-286,2.64
-286,2.56
-286,2.56
-286,2.56
-286,2.48
-286,2.48
-286,2.4
-286,2.4
-286,2.4
-286,2.32
-286,2.32
-286,2.32
-286,2.32
-286,2.32
-286,2.32
-286,2.32
-286,2.32
-286,2.2399999999999998
-286,2.2399999999999998
-286,2.2399999999999998
-290,2.2399999999999998
-286,2.16
-286,2.16
-290,2.08
-286,2.08
-286,2.08
-286,2.08
-290,2
-286,2
-290,2
-290,1.92
-290,1.92
-290,1.92
-294,1.8399999999999999
-290,1.8399999999999999
-290,1.8399999999999999
-290,1.8399999999999999
-290,1.76
-290,1.76
-290,1.76
-290,1.68
-290,1.68
-290,1.68
-290,1.68
-294,1.6
-290,1.6
-290,1.52
-290,1.52
-290,1.52
-290,1.52
-290,1.44
-290,1.44
-290,1.44
-290,1.44
-294,1.44
-290,1.3599999999999999
-290,1.3599999999999999
-290,1.3599999999999999
-290,1.28
-290,1.28
-294,1.2
-290,1.2
-294,1.1199999999999999
-294,1.1199999999999999
-294,1.1199999999999999
-294,1.1199999999999999
-298,1.1199999999999999
-294,1.04
-294,1.04
-294,1.04
-294,1.04
-294,0.96
-294,0.96
-294,0.88
-294,0.88
-294,0.88
-298,0.8
-294,0.72
-294,0.72
-294,0.72
-294,0.64
-294,0.64
-294,0.64
-294,0.5599999999999999
-294,0.5599999999999999
-294,0.5599999999999999
-294,0.5599999999999999
-294,0.5599999999999999
-294,0.5599999999999999
-294,0.48
-294,0.48
-298,0.4
-298,0.4
-294,0.32
-298,0.32
-298,0.32
-298,0.24
-298,0.24
-298,0.24
-298,0.24
-298,0.16
-298,0.16
-298,0.16
-298,0.08
-298,0.08
-298,0.08
-298,0.08
-298,0
-298,0
-302,-0.08
-298,-0.08
-298,-0.08
-298,-0.08
-298,-0.16
-298,-0.16
-298,-0.24
-298,-0.24
-298,-0.24
-298,-0.32
-298,-0.32
-298,-0.32
-298,-0.32
-298,-0.4
-298,-0.4
-298,-0.48
-298,-0.48
-298,-0.56
-298,-0.56
-302,-0.56
-302,-0.64
-302,-0.64
-302,-0.72
-302,-0.72
-302,-0.72
-302,-0.72
-302,-0.8
-302,-0.8
-302,-0.88
-302,-0.88
-302,-0.88
-302,-0.88
-302,-0.88
-302,-0.88
-302,-0.96
-306,-0.96
-306,-1.04
-302,-1.04
-302,-1.12
-302,-1.12
-302,-1.12
-302,-1.12
-306,-1.2
-302,-1.2
-302,-1.2
-302,-1.2
-302,-1.2
-306,-1.2
-302,-1.28
-302,-1.36
-306,-1.36
-306,-1.36
-306,-1.44
-306,-1.44
-306,-1.44
-306,-1.44
-310,-1.44
-306,-1.52
-306,-1.52
-306,-1.6
-306,-1.6
-306,-1.6
-306,-1.68
-306,-1.6
-306,-1.68
-310,-1.68
-310,-1.68
-306,-1.68
-306,-1.76
-306,-1.76
-310,-1.76
-306,-1.76
-306,-1.84
-310,-1.84
-306,-1.92
-306,-1.92
-306,-1.92
-306,-1.92
-306,-2
-310,-2
-306,-2
-306,-2
-306,-2
-310,-2
-310,-2
-310,-2.08
-314,-2.08
-310,-2.08
-310,-2.16
-310,-2.16
-314,-2.16
-314,-2.16
-314,-2.24
-310,-2.24
-310,-2.24
-310,-2.32
-314,-2.32
-310,-2.32
-310,-2.32
-310,-2.32
-314,-2.32
-310,-2.4
-310,-2.48
-310,-2.4
-310,-2.4
-310,-2.48
-310,-2.4
-310,-2.4
-314,-2.4
-314,-2.48
-310,-2.4
-310,-2.48
-310,-2.48
-310,-2.56
-314,-2.48
-310,-2.48
-310,-2.48
-314,-2.48
-314,-2.56
-314,-2.56
-314,-2.56
-314,-2.56
-314,-2.56
-318,-2.64
-314,-2.64
-318,-2.64
-318,-2.64
-314,-2.64
-318,-2.64
-318,-2.64
-314,-2.64
-314,-2.72
-314,-2.72
-314,-2.72
-314,-2.64
-314,-2.72
-318,-2.72
-318,-2.72
-314,-2.72
-314,-2.72
-314,-2.72
-314,-2.8
-314,-2.8
-318,-2.8
-314,-2.8
-314,-2.8
-314,-2.8
-314,-2.8
-314,-2.8
-314,-2.8
-318,-2.8
-318,-2.8
-318,-2.8
-318,-2.8
-322,-2.8
-322,-2.8
-322,-2.8
-318,-2.8
-322,-2.8
-318,-2.8
-318,-2.8
-318,-2.8
-322,-2.88
-322,-2.88
-318,-2.88
-322,-2.88
-318,-2.88
-322,-2.88
-318,-2.88
-318,-2.88
-322,-2.88
-318,-2.8
-318,-2.88
-318,-2.88
-322,-2.96
-318,-2.88
-318,-2.88
-322,-2.88
-318,-2.88
-318,-2.88
-318,-2.88
-318,-2.88
-318,-2.88
-318,-2.88
-322,-2.88
-322,-2.88
-322,-2.88
-322,-2.8
-322,-2.8
-322,-2.8
-322,-2.8
-322,-2.72
-322,-2.8
-322,-2.8
-322,-2.8
-326,-2.8
-322,-2.8
-322,-2.8
-322,-2.8
-322,-2.8
-322,-2.8
-326,-2.72
-322,-2.72
-322,-2.72
-322,-2.72
-322,-2.64
-322,-2.64
-322,-2.72
-322,-2.64
-322,-2.64
-322,-2.64
-322,-2.64
-326,-2.64
-326,-2.64
-326,-2.72
-326,-2.64
-322,-2.64
-326,-2.56
-326,-2.64
-326,-2.64
-326,-2.64
-326,-2.56
-326,-2.64
-326,-2.56
-330,-2.56
-326,-2.48
-326,-2.56
-326,-2.56
-326,-2.48
-330,-2.48
-326,-2.48
-330,-2.4
-326,-2.48
-330,-2.48
-326,-2.48
-326,-2.48
-330,-2.4
-326,-2.4
-326,-2.4
-326,-2.4
-326,-2.4
-326,-2.4
-326,-2.32
-326,-2.32
-330,-2.32
-330,-2.32
-326,-2.24
-326,-2.24
-326,-2.24
-330,-2.24
-326,-2.24
-330,-2.24
-330,-2.16
-330,-2.16
-334,-2.16
-330,-2.16
-330,-2.16
-334,-2.16
-330,-2.16
-330,-2.08
-334,-2.16
-334,-2.08
-334,-2.08
-334,-2.08
-334,-2.08
-330,-2
-330,-2
-330,-2
-330,-2
-330,-1.92
-330,-1.92
-334,-1.92
-330,-1.84
-330,-1.84
-330,-1.84
-334,-1.84
-330,-1.76
-334,-1.76
-334,-1.76
-330,-1.68
-334,-1.68
-334,-1.68
-334,-1.68
-334,-1.68
-330,-1.68
-334,-1.68
-334,-1.68
-334,-1.6
-334,-1.6
-334,-1.52
-338,-1.52
-334,-1.52
-334,-1.52
-334,-1.44
-334,-1.44
-338,-1.36
-338,-1.36
-338,-1.36
-334,-1.36
-334,-1.28
-334,-1.28
-334,-1.28
-334,-1.28
-334,-1.28
-338,-1.28
-334,-1.28
-334,-1.36
-334,-1.36
-334,-1.36
-334,-1.36
-334,-1.36
-338,-1.28
-334,-1.28
-334,-1.28
-338,-1.28
-334,-1.28
-338,-1.28
-334,-1.36
-334,-1.36
-334,-1.36
-330,-1.44
-330,-1.52
-330,-1.44
-330,-1.44
-330,-1.52
-334,-1.52
-330,-1.6
-334,-1.6
-330,-1.6
-330,-1.6
-334,-1.68
-330,-1.68
-330,-1.68
-330,-1.68
-330,-1.76
-330,-1.76
-330,-1.76
-330,-1.84
-330,-1.84
-330,-1.84
-330,-1.92
-334,-1.92
-330,-1.92
-330,-1.92
-330,-1.92
-330,-1.92
-330,-1.92
-330,-1.92
-330,-2
-326,-2
-326,-2
-326,-2
-330,-2.08
-330,-2.08
-326,-2.08
-326,-2.16
-326,-2.16
-326,-2.16
-326,-2.24
-326,-2.24
-326,-2.24
-330,-2.24
-326,-2.24
-326,-2.24
-326,-2.32
-330,-2.32
-326,-2.32
-326,-2.32
-326,-2.32
-326,-2.32
-326,-2.4
-326,-2.4
-326,-2.4
-326,-2.4
-326,-2.4
-326,-2.4
-322,-2.48
-322,-2.48
-322,-2.48
-322,-2.48
-326,-2.48
-322,-2.48
-322,-2.48
-322,-2.48
-322,-2.48
-322,-2.56
-322,-2.56
-326,-2.56
-322,-2.56
-326,-2.56
-322,-2.56
-326,-2.64
-322,-2.64
-322,-2.64
-322,-2.64
-322,-2.72
-322,-2.64
-326,-2.64
-322,-2.64
-326,-2.64
-322,-2.64
-322,-2.64
-322,-2.64
-322,-2.64
-318,-2.64
-322,-2.64
-318,-2.64
-318,-2.64
-322,-2.72
-318,-2.72
-318,-2.72
-318,-2.72
-318,-2.8
-322,-2.72
-318,-2.72
-318,-2.72
-318,-2.72
-318,-2.72
-318,-2.72
-318,-2.72
-318,-2.72
-322,-2.72
-318,-2.72
-318,-2.72
-318,-2.64
-318,-2.72
-318,-2.72
-318,-2.72
-318,-2.72
-322,-2.72
-318,-2.72
-318,-2.72
-318,-2.72
-318,-2.72
-318,-2.72
-314,-2.72
-314,-2.64
-318,-2.64
-318,-2.64
-314,-2.64
-318,-2.64
-314,-2.64
-314,-2.72
-314,-2.72
-314,-2.72
-314,-2.72
-318,-2.72
-318,-2.72
-314,-2.72
-318,-2.72
-314,-2.64
-318,-2.64
-318,-2.64
-314,-2.64
-314,-2.56
-318,-2.56
-314,-2.64
-314,-2.56
-314,-2.56
-314,-2.56
-314,-2.56
-314,-2.56
-314,-2.56
-310,-2.56
-310,-2.48
-310,-2.56
-310,-2.56
-310,-2.48
-310,-2.48
-310,-2.56
-310,-2.48
-310,-2.48
-310,-2.48
-314,-2.48
-310,-2.4
-314,-2.4
-310,-2.4
-314,-2.4
-310,-2.4
-310,-2.4
-310,-2.4
-310,-2.32
-310,-2.32
-310,-2.32
-314,-2.32
-314,-2.32
-314,-2.24
-310,-2.24
-310,-2.24
-310,-2.16
-310,-2.16
-306,-2.16
-306,-2.16
-306,-2.08
-306,-2.08
-306,-2.08
-310,-2.08
-306,-2.08
-306,-2
-306,-2
-306,-1.92
-310,-1.92
-310,-1.92
-306,-1.92
-306,-1.92
-306,-1.92
-306,-1.92
-306,-1.84
-306,-1.84
-310,-1.84
-306,-1.84
-306,-1.76
-306,-1.76
-306,-1.76
-306,-1.68
-306,-1.68
-310,-1.68
-306,-1.68
-306,-1.6
-306,-1.6
-302,-1.6
-302,-1.6
-302,-1.52
-302,-1.44
-302,-1.44
-302,-1.44
-302,-1.44
-302,-1.44
-302,-1.36
-302,-1.36
-302,-1.36
-302,-1.36
-302,-1.28
-302,-1.28
-306,-1.2
-302,-1.2
-302,-1.2
-306,-1.2
-306,-1.12
-302,-1.04
-302,-1.04
-302,-1.04
-302,-1.04
-306,-1.04
-302,-1.04
-302,-0.96
-302,-0.96
-302,-0.96
-298,-0.88
-298,-0.88
-298,-0.88
-298,-0.8
-298,-0.8
-298,-0.72
-298,-0.72
-298,-0.72
-298,-0.72
-302,-0.72
-298,-0.64
-302,-0.64
-298,-0.64
-298,-0.56
-298,-0.56
-298,-0.56
-298,-0.48
-298,-0.4
-298,-0.4
-298,-0.4
-298,-0.32
-298,-0.32
-298,-0.32
-298,-0.32
-298,-0.24
-298,-0.16
-298,-0.16
-298,-0.08
-298,-0.08
-298,-0.08
-294,0
-294,0
-298,0
-294,0
-298,0.08
-294,0.08
-294,0.08
-294,0.08
-294,0.16
-294,0.16
-294,0.24
-294,0.24
-294,0.24
-294,0.32
-298,0.4
-294,0.4
-294,0.48
-294,0.48
-294,0.48
-298,0.48
-294,0.48
-294,0.5599999999999999
-298,0.5599999999999999
-294,0.64
-294,0.64
-298,0.72
-294,0.72
-294,0.8
-294,0.8
-294,0.8
-290,0.88
-290,0.88
-290,0.88
-290,0.88
-290,0.88
-290,0.96
-290,0.96
-290,1.04
-290,1.04
-290,1.04
-290,1.1199999999999999
-290,1.1199999999999999
-290,1.1199999999999999
-290,1.2
-290,1.2
-290,1.28
-290,1.28
-290,1.3599999999999999
-290,1.3599999999999999
-290,1.44
-294,1.44
-290,1.52
-290,1.52
-290,1.52
-290,1.6
-290,1.6
-290,1.6
-294,1.6
-290,1.6
-290,1.68
-290,1.68
-286,1.68
-290,1.68
-286,1.68
-286,1.76
-286,1.76
-286,1.8399999999999999
-286,1.8399999999999999
-290,1.8399999999999999
-290,1.8399999999999999
-286,1.92
-286,1.92
-286,1.92
-286,1.92
-286,2
-286,2
-290,2.08
-286,2.08
-286,2.08
-286,2.08
-286,2.08
-286,2.16
-286,2.16
-286,2.16
-286,2.2399999999999998
-286,2.2399999999999998
-286,2.32
-286,2.32
-286,2.4
-282,2.4
-282,2.4
-282,2.4
-282,2.48
-282,2.48
-282,2.4
-282,2.48
-282,2.48
-282,2.48
-282,2.48
-286,2.48
-282,2.48
-282,2.56
-282,2.56
-282,2.56
-282,2.64
-282,2.64
-282,2.64
-282,2.64
-282,2.64
-282,2.7199999999999998
-286,2.64
-282,2.7199999999999998
-282,2.7199999999999998
-282,2.7199999999999998
-286,2.8000000000000003
-282,2.8000000000000003
-282,2.8000000000000003
-282,2.8000000000000003
-278,2.8000000000000003
-282,2.88
-278,2.88
-278,2.88
-282,2.88
-278,2.88
-278,2.88
-282,2.96
-278,2.96
-278,2.96
-278,2.96
-278,2.96
-282,2.96
-278,2.88
-278,2.96
-278,2.96
-278,2.96
-278,2.96
-278,2.96
-278,3.04
-278,3.04
-278,3.04
-278,3.1199999999999997
-278,3.1199999999999997
-278,3.1199999999999997
-278,3.2
-282,3.1199999999999997
-278,3.2
-278,3.2
-274,3.2
-274,3.2
-274,3.1199999999999997
-274,3.1199999999999997
-278,3.1199999999999997
-274,3.1199999999999997
-274,3.1199999999999997
-274,3.1199999999999997
-274,3.2
-274,3.2
-274,3.2
-274,3.2
-274,3.2800000000000002
-274,3.2
-278,3.2
-274,3.2
-274,3.2
-274,3.2
-274,3.2
-274,3.2
-274,3.2
-278,3.2
-274,3.2
-274,3.2
-274,3.2
-278,3.2800000000000002
-274,3.2
-274,3.2
-274,3.2
-274,3.2
-270,3.2
-270,3.2
-270,3.2
-270,3.2
-270,3.2
-270,3.2
-270,3.2
-270,3.2
-270,3.1199999999999997
-270,3.1199999999999997
-274,3.1199999999999997
-270,3.1199999999999997
-270,3.1199999999999997
-270,3.1199999999999997
-270,3.1199999999999997
-270,3.2
-270,3.2
-274,3.2
-270,3.1199999999999997
-270,3.2
-270,3.1199999999999997
-274,3.1199999999999997
-270,3.1199999999999997
-270,3.1199999999999997
-270,3.04
-270,3.04
-270,2.96
-270,2.96
-266,2.96
-266,2.96
-266,3.04
-266,3.04
-266,3.04
-266,3.04
-266,3.04
-266,3.04
-266,3.04
-266,3.04
-266,3.04
-266,3.04
-266,2.96
-266,2.96
-266,2.96
-266,2.88
-266,2.88
-266,2.8000000000000003
-266,2.8000000000000003
-266,2.8000000000000003
-266,2.8000000000000003
-266,2.8000000000000003
-266,2.8000000000000003
-266,2.8000000000000003
-266,2.8000000000000003
-266,2.8000000000000003
-266,2.7199999999999998
-266,2.7199999999999998
-266,2.7199999999999998
-266,2.7199999999999998
-262,2.7199999999999998
-262,2.7199999999999998
-262,2.7199999999999998
-262,2.64
-262,2.64
-262,2.64
-262,2.56
-262,2.56
-262,2.56
-262,2.56
-262,2.48
-262,2.48
-262,2.48
-262,2.48
-262,2.48
-262,2.48
-262,2.48
-262,2.48
-262,2.48
-262,2.4
-262,2.4
-262,2.4
-262,2.4
-262,2.32
-262,2.32
-262,2.2399999999999998
-262,2.2399999999999998
-262,2.16
-262,2.2399999999999998
-262,2.2399999999999998
-262,2.16
-258,2.16
-258,2.16
-258,2.16
-258,2.08
-258,2.08
-258,2.08
-258,2.08
-258,2.08
-258,2
-258,2
-258,2
-258,2
-258,1.92
-258,1.8399999999999999
-258,1.8399999999999999
-258,1.8399999999999999
-258,1.8399999999999999
-258,1.76
-258,1.8399999999999999
-258,1.76
-258,1.76
-258,1.76
-258,1.68
-258,1.68
-258,1.68
-258,1.68
-258,1.6
-258,1.6
-254,1.52
-254,1.52
-254,1.52
-254,1.52
-254,1.52
-254,1.44
-254,1.44
-254,1.44
-254,1.3599999999999999
-254,1.3599999999999999
-254,1.3599999999999999
-254,1.3599999999999999
-254,1.3599999999999999
-254,1.28
-254,1.2
-254,1.2
-254,1.2
-254,1.2
-254,1.1199999999999999
-254,1.1199999999999999
-254,1.1199999999999999
-254,1.04
-254,1.04
-254,1.04
-254,1.04
-254,0.96
-254,0.88
-254,0.88
-254,0.8
-254,0.88
-254,0.88
-250,0.88
-250,0.8
-250,0.8
-250,0.72
-250,0.72
-250,0.72
-250,0.72
-250,0.64
-250,0.64
-250,0.64
-250,0.5599999999999999
-250,0.5599999999999999
-250,0.5599999999999999
-250,0.5599999999999999
-250,0.48
-250,0.4
-250,0.4
-250,0.32
-250,0.32
-250,0.32
-250,0.24
-250,0.24
-250,0.16
-250,0.16
-250,0.08
-250,0.08
-250,0.08
-250,0.08
-250,0.08
-250,0.08
-246,0.08
-246,0
-246,0
-246,0
-246,-0.08
-246,-0.08
-246,-0.16
-246,-0.16
-246,-0.24
-246,-0.24
-246,-0.24
-246,-0.24
-246,-0.24
-246,-0.24
-246,-0.32
-246,-0.32
-246,-0.32
-246,-0.4
-246,-0.4
-246,-0.4
-246,-0.48
-246,-0.48
-246,-0.48
-246,-0.56
-246,-0.56
-246,-0.56
-246,-0.56
-246,-0.64
-246,-0.64
-246,-0.64
-242,-0.64
-246,-0.72
-242,-0.72
-242,-0.72
-242,-0.8
-242,-0.8
-242,-0.8
-242,-0.88
-242,-0.88
-242,-0.88
-242,-0.88
-242,-0.96
-242,-0.96
-242,-0.96
-242,-0.96
-242,-1.04
-242,-1.04
-242,-1.12
-242,-1.12
-242,-1.12
-242,-1.2
-242,-1.2
-242,-1.2
-242,-1.2
-242,-1.28
-242,-1.28
-242,-1.28
-242,-1.28
-242,-1.36
-242,-1.36
-238,-1.36
-238,-1.44
-238,-1.44
-238,-1.44
-238,-1.44
-238,-1.52
-238,-1.52
-238,-1.52
-238,-1.52
-238,-1.6
-238,-1.6
-238,-1.6
-238,-1.68
-238,-1.68
-238,-1.76
-238,-1.76
-238,-1.76
-238,-1.76
-238,-1.76
-238,-1.76
-238,-1.76
-238,-1.84
-238,-1.84
-238,-1.76
-238,-1.84
-238,-1.84
-238,-1.92
-238,-1.92
-238,-2
-238,-1.92
-238,-1.92
-234,-2
-234,-2
-234,-2
-234,-2.08
-234,-2.08
-234,-2.08
-234,-2.08
-234,-2.16
-234,-2.16
-234,-2.16
-234,-2.16
-234,-2.16
-234,-2.16
-234,-2.16
-234,-2.24
-234,-2.24
-234,-2.24
-234,-2.24
-234,-2.24
-234,-2.24
-234,-2.32
-234,-2.32
-234,-2.32
-234,-2.32
-234,-2.4
-234,-2.32
-234,-2.4
-234,-2.4
-234,-2.4
-234,-2.4
-230,-2.4
-230,-2.4
-230,-2.4
-230,-2.4
-230,-2.48
-230,-2.48
-230,-2.48
-230,-2.48
-230,-2.56
-230,-2.48
-230,-2.56
-230,-2.56
-230,-2.56
-230,-2.56
-230,-2.56
-230,-2.56
-230,-2.56
-230,-2.64
-230,-2.64
-230,-2.64
-230,-2.64
-230,-2.64
-230,-2.64
-230,-2.64
-230,-2.64
-230,-2.64
-230,-2.64
-226,-2.64
-230,-2.72
-226,-2.64
-226,-2.64
-226,-2.64
-226,-2.72
-226,-2.72
-226,-2.72
-226,-2.72
-226,-2.72
-226,-2.72
-226,-2.72
-226,-2.72
-226,-2.72
-226,-2.72
-226,-2.72
-226,-2.72
-226,-2.72
-226,-2.72
-226,-2.72
-226,-2.72
-226,-2.72
-226,-2.72
-226,-2.72
-226,-2.72
-226,-2.8
-226,-2.72
-226,-2.8
-226,-2.72
-226,-2.72
-226,-2.72
-226,-2.72
-226,-2.72
-222,-2.72
-226,-2.72
-222,-2.72
-222,-2.72
-222,-2.72
-222,-2.8
-222,-2.8
-222,-2.72
-222,-2.8
-222,-2.72
-222,-2.64
-222,-2.72
-222,-2.72
-222,-2.64
-222,-2.72
-222,-2.72
-222,-2.72
-222,-2.72
-222,-2.64
-222,-2.72
-222,-2.64
-222,-2.64
-222,-2.64
-222,-2.64
-222,-2.64
-222,-2.64
-222,-2.64
-222,-2.64
-222,-2.64
-218,-2.64
-222,-2.56
-218,-2.56
-218,-2.56
-218,-2.56
-218,-2.56
-218,-2.56
-218,-2.56
-218,-2.56
-218,-2.56
-218,-2.64
-218,-2.56
-218,-2.56
-218,-2.56
-218,-2.56
-218,-2.48
-218,-2.48
-218,-2.48
-218,-2.4
-218,-2.4
-218,-2.4
-218,-2.4
-218,-2.4
-218,-2.4
-218,-2.4
-218,-2.4
-218,-2.4
-218,-2.4
-218,-2.32
-218,-2.4
-218,-2.32
-218,-2.32
-214,-2.24
-214,-2.24
-214,-2.24
-214,-2.16
-214,-2.16
-214,-2.16
-214,-2.08
-214,-2.16
-214,-2.16
-214,-2.08
-214,-2.08
-214,-2.08
-214,-2.08
-214,-2.08
-214,-2.08
-214,-2
-214,-2
-214,-1.92
-214,-2
-214,-1.92
-214,-1.92
-214,-1.84
-214,-1.84
-214,-1.84
-214,-1.76
-214,-1.76
-214,-1.76
-214,-1.76
-214,-1.76
-210,-1.76
-210,-1.76
-214,-1.68
-210,-1.68
-210,-1.6
-210,-1.6
-210,-1.6
-210,-1.52
-210,-1.52
-210,-1.52
-210,-1.44
-210,-1.44
-210,-1.44
-210,-1.44
-210,-1.36
-210,-1.36
-210,-1.36
-210,-1.36
-210,-1.28
-210,-1.36
-210,-1.36
-210,-1.28
-210,-1.28
-210,-1.28
-210,-1.2
-210,-1.2
-210,-1.2
-210,-1.12
-210,-1.12
-210,-1.12
-210,-1.04
-210,-0.96
-206,-0.96
-206,-0.96
-206,-0.96
-206,-0.96
-206,-0.96
-206,-0.88
-206,-0.8
-206,-0.88
-206,-0.8
-206,-0.72
-206,-0.72
-206,-0.72
-206,-0.64
-206,-0.64
-206,-0.64
-206,-0.56
-206,-0.56
-206,-0.56
-206,-0.56
-206,-0.48
-206,-0.48
-206,-0.48
-206,-0.4
-206,-0.4
-206,-0.4
-206,-0.4
-206,-0.32
-206,-0.32
-206,-0.24
-206,-0.24
-206,-0.24
-202,-0.24
-202,-0.16
-202,-0.08
-202,-0.08
-202,-0.08
-202,0
-202,0
-202,0
-202,0.08
-202,0.16
-202,0.16
-202,0.16
-202,0.24
-202,0.24
-202,0.32
-202,0.32
-202,0.32
-202,0.32
-202,0.4
-202,0.4
-202,0.4
-202,0.4
-202,0.48
-202,0.48
-202,0.48
-202,0.5599999999999999
-202,0.5599999999999999
-202,0.5599999999999999
-202,0.64
-202,0.64
-198,0.72
-198,0.72
-198,0.72
-198,0.72
-198,0.8
-198,0.8
-198,0.88
-198,0.88
-198,0.96
-198,0.96
-198,0.96
-198,0.96
-198,1.04
-198,1.04
-198,1.04
-198,1.04
-198,1.1199999999999999
-198,1.1199999999999999
-198,1.2
-198,1.2
-198,1.2
-198,1.2
-198,1.28
-198,1.3599999999999999
-198,1.3599999999999999
-198,1.3599999999999999
-198,1.44
-198,1.44
-198,1.52
-194,1.52
-198,1.52
-194,1.52
-194,1.6
-194,1.6
-194,1.6
-194,1.68
-194,1.68
-194,1.68
-194,1.76
-194,1.76
-194,1.76
-194,1.8399999999999999
-194,1.8399999999999999
-194,1.8399999999999999
-194,1.8399999999999999
-194,1.92
-194,1.92
-194,1.92
-194,2
-194,2
-194,2
-194,2.08
-194,2.08
-194,2.08
-194,2.16
-194,2.16
-194,2.16
-194,2.16
-194,2.2399999999999998
-190,2.2399999999999998
-194,2.2399999999999998
-194,2.16
-190,2.2399999999999998
-194,2.2399999999999998
-190,2.2399999999999998
-190,2.32
-190,2.4
-190,2.32
-190,2.4
-190,2.4
-190,2.48
-190,2.48
-190,2.48
-190,2.48
-190,2.56
-190,2.56
-190,2.56
-190,2.56
-190,2.64
-190,2.64
-190,2.7199999999999998
-190,2.7199999999999998
-190,2.7199999999999998
-190,2.7199999999999998
-190,2.7199999999999998
-190,2.7199999999999998
-190,2.8000000000000003
-190,2.8000000000000003
-190,2.8000000000000003
-190,2.8000000000000003
-190,2.8000000000000003
-190,2.88
-186,2.88
-190,2.88
-186,2.88
-186,2.88
-186,2.88
-186,2.88
-186,2.88
-186,2.88
-186,2.88
-186,2.88
-186,2.96
-186,2.96
-186,2.96
-186,3.04
-186,3.04
-186,3.04
-186,3.1199999999999997
-186,3.1199999999999997
-186,3.1199999999999997
-186,3.1199999999999997
-186,3.1199999999999997
-186,3.1199999999999997
-186,3.1199999999999997
-186,3.1199999999999997
-186,3.1199999999999997
-186,3.1199999999999997
-186,3.2
-186,3.2
-186,3.2
-186,3.2
-186,3.2800000000000002
-182,3.2800000000000002
-186,3.2800000000000002
-186,3.2800000000000002
-182,3.2800000000000002
-182,3.2800000000000002
-182,3.2
-182,3.2
-182,3.2800000000000002
-182,3.2800000000000002
-182,3.2800000000000002
-182,3.2800000000000002
-182,3.2800000000000002
-182,3.2800000000000002
-182,3.2800000000000002
-182,3.2800000000000002
-182,3.2800000000000002
-182,3.2800000000000002
-182,3.36
-182,3.36
-182,3.36
-182,3.36
-182,3.36
-178,3.36
-182,3.36
-182,3.36
-182,3.36
-182,3.36
-182,3.36
-182,3.36
-182,3.36
-182,3.36
-178,3.36
-178,3.36
-178,3.36
-178,3.36
-178,3.44
-178,3.44
-178,3.44
-178,3.44
-178,3.44
-178,3.36
-178,3.36
-178,3.36
-178,3.36
-178,3.36
-178,3.36
-178,3.36
-178,3.36
-174,3.36
-178,3.36
-178,3.44
-178,3.44
-178,3.44
-178,3.36
-178,3.36
-178,3.36
-178,3.36
-178,3.36
-178,3.36
-178,3.36
-178,3.36
-178,3.36
-178,3.36
-174,3.36
-174,3.2800000000000002
-174,3.2800000000000002
-174,3.2800000000000002
-174,3.2800000000000002
-174,3.2800000000000002
-174,3.2
-174,3.2
-174,3.2800000000000002
-174,3.2800000000000002
-174,3.2800000000000002
-174,3.2800000000000002
-174,3.2
-174,3.1199999999999997
-174,3.1199999999999997
-174,3.1199999999999997
-174,3.04
-174,3.1199999999999997
-174,3.1199999999999997
-174,3.1199999999999997
-174,3.1199999999999997
-174,3.1199999999999997
-174,3.1199999999999997
-174,3.04
-174,3.04
-174,3.04
-174,3.04
-174,3.04
-174,3.04
-174,2.96
-174,2.96
-170,2.96
-170,2.96
-170,2.96
-170,2.96
-170,2.88
-170,2.88
-170,2.88
-170,2.88
-170,2.88
-170,2.8000000000000003
-170,2.8000000000000003
-170,2.8000000000000003
-170,2.8000000000000003
-170,2.8000000000000003
-170,2.7199999999999998
-170,2.7199999999999998
-170,2.7199999999999998
-170,2.7199999999999998
-170,2.7199999999999998
-170,2.7199999999999998
-170,2.7199999999999998
-170,2.64
-170,2.64
-170,2.64
-170,2.64
-170,2.56
-170,2.56
-170,2.56
-170,2.56
-170,2.48
-170,2.48
-166,2.48
-166,2.48
-166,2.48
-166,2.48
-166,2.48
-166,2.48
-166,2.4
-166,2.32
-166,2.32
-166,2.32
-166,2.32
-166,2.2399999999999998
-166,2.2399999999999998
-166,2.2399999999999998
-166,2.16
-166,2.16
-166,2.16
-166,2.08
-166,2.08
-166,2.08
-166,2.08
-166,2.08
-166,2
-166,2.08
-166,2
-166,1.92
-166,1.92
-166,1.92
-166,1.92
-166,1.8399999999999999
-166,1.8399999999999999
-166,1.8399999999999999
-162,1.8399999999999999
-162,1.8399999999999999
-166,1.8399999999999999
-162,1.8399999999999999
-162,1.76
-162,1.76
-158,1.68
-162,1.68
-158,1.68
-162,1.6
-158,1.6
-158,1.6
-162,1.52
-162,1.52
-162,1.52
-158,1.44
-162,1.44
-158,1.44
-162,1.44
-162,1.3599999999999999
-158,1.3599999999999999
-162,1.3599999999999999
-162,1.28
-162,1.28
-162,1.28
-162,1.28
-162,1.2
-162,1.2
-162,1.2
-162,1.1199999999999999
-158,1.1199999999999999
-158,1.04
-158,1.04
-158,1.04
-158,0.96
-158,0.96
-158,0.96
-158,0.88
-158,0.88
-158,0.88
-154,0.88
-158,0.88
-158,0.8
-158,0.8
-158,0.8
-154,0.72
-158,0.72
-154,0.64
-158,0.64
-154,0.64
-158,0.64
-158,0.5599999999999999
-158,0.48
-158,0.48
-158,0.4
-154,0.4
-158,0.4
-154,0.4
-154,0.4
-158,0.4
-154,0.32
-154,0.32
-154,0.32
-154,0.24
-154,0.24
-154,0.24
-154,0.24
-154,0.16
-154,0.16
-154,0.16
-154,0.08
-154,0.08
-154,0
-154,0
-154,0
-154,-0.08
-150,-0.08
-150,-0.08
-154,-0.08
-154,-0.08
-154,-0.08
-150,-0.16
-150,-0.16
-154,-0.24
-154,-0.24
-154,-0.24
-154,-0.24
-154,-0.32
-150,-0.32
-150,-0.32
-154,-0.4
-150,-0.4
-150,-0.4
-154,-0.48
-154,-0.4
-150,-0.48
-150,-0.48
-150,-0.48
-150,-0.48
-150,-0.56
-150,-0.56
-150,-0.64
-150,-0.56
-150,-0.64
-146,-0.64
-146,-0.72
-150,-0.72
-150,-0.8
-150,-0.8
-150,-0.8
-150,-0.8
-150,-0.88
-146,-0.88
-150,-0.96
-150,-0.96
-150,-0.96
-146,-0.96
-146,-1.04
-150,-0.96
-146,-0.96
-150,-1.04
-150,-1.04
-146,-1.04
-146,-1.12
-146,-1.12
-150,-1.12
-146,-1.12
-146,-1.12
-146,-1.2
-146,-1.2
-146,-1.28
-146,-1.36
-146,-1.28
-146,-1.36
-146,-1.36
-146,-1.36
-146,-1.36
-146,-1.44
-146,-1.44
-146,-1.44
-146,-1.44
-146,-1.52
-146,-1.44
-146,-1.44
-146,-1.44
-146,-1.52
-142,-1.52
-142,-1.6
-142,-1.6
-146,-1.6
-146,-1.68
-146,-1.68
-146,-1.68
-142,-1.68
-142,-1.76
-142,-1.76
-142,-1.76
-142,-1.76
-142,-1.76
-146,-1.76
-142,-1.76
-142,-1.84
-142,-1.84
-142,-1.84
-142,-1.84
-142,-1.84
-142,-1.84
-142,-1.92
-142,-1.92
-142,-1.92
-142,-1.92
-138,-2
-142,-2
-142,-2
-138,-2
-142,-2
-142,-2
-142,-2.08
-138,-2.08
-142,-2.08
-138,-2.08
-142,-2.16
-142,-2.16
-138,-2.16
-142,-2.24
-138,-2.24
-142,-2.24
-138,-2.24
-138,-2.32
-142,-2.32
-138,-2.24
-138,-2.32
-138,-2.32
-138,-2.4
-134,-2.4
-138,-2.4
-138,-2.32
-138,-2.32
-138,-2.4
-138,-2.32
-138,-2.4
-134,-2.4
-138,-2.4
-138,-2.4
-134,-2.4
-134,-2.4
-134,-2.4
-138,-2.4
-138,-2.48
-138,-2.48
-138,-2.48
-138,-2.48
-138,-2.4
-134,-2.4
-134,-2.4
-138,-2.48
-138,-2.48
-138,-2.56
-138,-2.56
-134,-2.56
-134,-2.56
-134,-2.56
-138,-2.56
-134,-2.56
-134,-2.56
-134,-2.56
-134,-2.56
-134,-2.56
-134,-2.56
-134,-2.56
-134,-2.56
-130,-2.56
-134,-2.56
-134,-2.56
-134,-2.56
-130,-2.56
-130,-2.56
-130,-2.56
-134,-2.56
-130,-2.56
-134,-2.56
-134,-2.64
-130,-2.64
-130,-2.56
-134,-2.56
-134,-2.64
-134,-2.64
-130,-2.56
-134,-2.56
-134,-2.64
-134,-2.56
-130,-2.56
-130,-2.56
-130,-2.56
-130,-2.56
-130,-2.56
-130,-2.56
-130,-2.56
-130,-2.64
-130,-2.64
-130,-2.64
-130,-2.64
-126,-2.64
-130,-2.64
-126,-2.56
-126,-2.56
-130,-2.56
-130,-2.56
-126,-2.48
-130,-2.48
-126,-2.48
-130,-2.48
-130,-2.56
-130,-2.56
-130,-2.56
-130,-2.56
-126,-2.56
-130,-2.56
-130,-2.56
-130,-2.56
-126,-2.56
-130,-2.48
-126,-2.56
-130,-2.56
-126,-2.48
-130,-2.48
-126,-2.48
-126,-2.48
-126,-2.48
-126,-2.4
-126,-2.4
-122,-2.48
-126,-2.48
-122,-2.48
-126,-2.48
-122,-2.4
-122,-2.48
-126,-2.4
-122,-2.4
-126,-2.4
-122,-2.4
-126,-2.4
-126,-2.4
-126,-2.32
-122,-2.32
-122,-2.32
-126,-2.32
-126,-2.24
-126,-2.24
-126,-2.24
-126,-2.24
-126,-2.24
-126,-2.24
-122,-2.24
-122,-2.24
-122,-2.24
-126,-2.24
-122,-2.24
-122,-2.16
-122,-2.16
-122,-2.16
-122,-2.16
-122,-2.16
-122,-2.16
-118,-2.08
-118,-2.08
-118,-2.08
-122,-2.08
-122,-2.08
-118,-2
-118,-2
-122,-2
-118,-2
-118,-2
-118,-2
-118,-2
-122,-1.92
-122,-1.92
-122,-1.92
-118,-1.92
-122,-1.84
-122,-1.84
-118,-1.84
-122,-1.84
-122,-1.76
-122,-1.76
-118,-1.76
-118,-1.76
-122,-1.76
-118,-1.68
-118,-1.68
-118,-1.68
-114,-1.68
-118,-1.68
-114,-1.6
-118,-1.6
-118,-1.52
-114,-1.52
-114,-1.52
-118,-1.52
-118,-1.52
-114,-1.52
-114,-1.44
-118,-1.44
-118,-1.44
-114,-1.44
-118,-1.44
-118,-1.44
-118,-1.36
-118,-1.36
-118,-1.36
-118,-1.28
-118,-1.28
-118,-1.28
-114,-1.28
-114,-1.28
-114,-1.2
-114,-1.2
-114,-1.12
-114,-1.12
-114,-1.04
-114,-1.04
-114,-1.04
-114,-1.04
-110,-1.04
-114,-0.96
-114,-1.04
-114,-1.04
-114,-0.96
-114,-0.96
-114,-0.96
-114,-0.88
-114,-0.88
-110,-0.8
-110,-0.8
-114,-0.8
-110,-0.8
-110,-0.72
-114,-0.72
-110,-0.64
-114,-0.64
-110,-0.64
-114,-0.64
-114,-0.64
-114,-0.64
-114,-0.56
-114,-0.56
-110,-0.56
-114,-0.48
-110,-0.48
-110,-0.4
-110,-0.4
-110,-0.4
-110,-0.4
-110,-0.32
-106,-0.32
-106,-0.32
-110,-0.24
-106,-0.24
-110,-0.24
-110,-0.24
-106,-0.16
-106,-0.16
-110,-0.08
-110,-0.08
-110,-0.08
-110,0
-110,0
-110,0
-110,0.08
-110,0.08
-106,0
-106,0.08
-110,0.08
-106,0.16
-106,0.24
-106,0.24
-110,0.24
-106,0.24
-106,0.32
-106,0.32
-110,0.32
-110,0.32
-106,0.32
-106,0.4
-106,0.4
-106,0.48
-106,0.48
-106,0.5599999999999999
-106,0.64
-102,0.64
-106,0.64
-102,0.72
-102,0.72
-102,0.72
-106,0.8
-106,0.8
-106,0.8
-106,0.8
-102,0.88
-106,0.88
-102,0.88
-106,0.96
-102,0.96
-102,0.96
-106,1.04
-106,1.04
-106,1.04
-106,1.1199999999999999
-102,1.1199999999999999
-102,1.1199999999999999
-106,1.1199999999999999
-102,1.1199999999999999
-106,1.2
-106,1.2
-102,1.2
-102,1.28
-102,1.28
-102,1.3599999999999999
-98,1.3599999999999999
-98,1.3599999999999999
-98,1.44
-98,1.44
-102,1.44
-102,1.44
-98,1.44
-102,1.44
-98,1.44
-98,1.44
-102,1.52
-98,1.6
-102,1.6
-102,1.68
-102,1.68
-102,1.76
-102,1.76
-102,1.8399999999999999
-102,1.8399999999999999
-102,1.8399999999999999
-98,1.8399999999999999
-102,1.8399999999999999
-98,1.92
-102,1.92
-102,1.92
-98,1.92
-98,1.92
-102,1.92
-98,2
-98,2
-98,2.08
-98,2.08
-98,2.08
-98,2.08
-94,2.16
-98,2.16
-94,2.16
-94,2.2399999999999998
-94,2.2399999999999998
-94,2.2399999999999998
-98,2.2399999999999998
-94,2.32
-98,2.2399999999999998
-98,2.32
-94,2.32
-98,2.32
-98,2.32
-94,2.4
-94,2.4
-94,2.4
-98,2.48
-98,2.56
-94,2.48
-94,2.56
-98,2.56
-94,2.56
-94,2.56
-94,2.56
-94,2.56
-94,2.56
-94,2.56
-94,2.64
-94,2.64
-94,2.64
-90,2.7199999999999998
-90,2.7199999999999998
-90,2.7199999999999998
-94,2.8000000000000003
-90,2.8000000000000003
-94,2.8000000000000003
-90,2.88
-94,2.88
-90,2.88
-94,2.88
-90,2.88
-90,2.88
-90,2.88
-90,2.88
-90,2.96
-94,2.96
-94,2.96
-90,2.96
-94,2.96
-90,2.96
-94,3.04
-94,3.04
-90,3.04
-90,3.04
-90,3.04
-90,3.1199999999999997
-90,3.1199999999999997
-94,3.1199999999999997
-90,3.1199999999999997
-90,3.1199999999999997
-90,3.1199999999999997
-90,3.1199999999999997
-90,3.1199999999999997
-90,3.2
-86,3.2
-86,3.1199999999999997
-90,3.2
-90,3.2
-86,3.2
-86,3.2
-90,3.2800000000000002
-90,3.2800000000000002
-86,3.2800000000000002
-90,3.2800000000000002
-90,3.36
-86,3.2800000000000002
-90,3.36
-86,3.36
-90,3.36
-90,3.2800000000000002
-86,3.2800000000000002
-90,3.2800000000000002
-90,3.2800000000000002
-90,3.2800000000000002
-86,3.2800000000000002
-86,3.36
-86,3.36
-90,3.36
-86,3.36
-86,3.36
-90,3.36
-90,3.36
-86,3.36
-86,3.36
-86,3.36
-82,3.2800000000000002
-82,3.2800000000000002
-82,3.36
-82,3.36
-82,3.2800000000000002
-82,3.36
-82,3.36
-86,3.36
-82,3.44
-82,3.44
-82,3.44
-82,3.44
-86,3.44
-82,3.44
-86,3.44
-86,3.44
-86,3.44
-82,3.44
-86,3.36
-82,3.44
-82,3.36
-82,3.36
-86,3.44
-82,3.36
-82,3.36
-82,3.36
-82,3.36
-86,3.36
-82,3.44
-82,3.44
-82,3.44
-82,3.44
-78,3.44
-82,3.44
-78,3.36
-78,3.36
-82,3.36
-82,3.36
-78,3.36
-82,3.36
-78,3.2800000000000002
-78,3.2800000000000002
-78,3.2800000000000002
-82,3.2800000000000002
-78,3.2800000000000002
-78,3.2800000000000002
-82,3.2
-82,3.2800000000000002
-78,3.2
-82,3.2
-78,3.2
-78,3.2
-78,3.2
-78,3.2
-78,3.1199999999999997
-78,3.1199999999999997
-78,3.1199999999999997
-82,3.1199999999999997
-78,3.1199999999999997
-78,3.1199999999999997
-78,3.1199999999999997
-78,3.1199999999999997
-78,3.1199999999999997
-74,3.1199999999999997
-78,3.1199999999999997
-78,3.1199999999999997
-74,3.1199999999999997
-78,3.1199999999999997
-74,3.1199999999999997
-74,3.1199999999999997
-74,3.1199999999999997
-74,3.1199999999999997
-74,3.04
-78,3.04
-78,3.04
-78,2.96
-74,2.96
-78,2.96
-74,2.88
-74,2.88
-78,2.88
-78,2.88
-74,2.88
-78,2.96
-78,2.96
-78,2.88
-74,2.88
-78,2.88
-78,2.88
-74,2.88
-74,2.8000000000000003
-78,2.8000000000000003
-74,2.7199999999999998
-74,2.7199999999999998
-74,2.7199999999999998
-74,2.7199999999999998
-70,2.64
-74,2.64
-70,2.64
-70,2.64
-70,2.64
-70,2.56
-70,2.56
-74,2.56
-74,2.56
-74,2.56
-70,2.48
-74,2.48
-74,2.48
-70,2.48
-70,2.48
-74,2.48
-70,2.4
-70,2.4
-70,2.4
-70,2.32
-70,2.32
-70,2.32
-70,2.32
-74,2.32
-70,2.2399999999999998
-70,2.2399999999999998
-70,2.16
-70,2.16
-70,2.16
-70,2.08
-70,2.08
-70,2.08
-70,2.08
-70,2
-66,2
-66,2
-66,1.92
-66,1.92
-66,1.92
-70,1.92
-66,1.92
-70,1.8399999999999999
-66,1.8399999999999999
-66,1.8399999999999999
-66,1.76
-66,1.76
-66,1.76
-66,1.68
-66,1.68
-66,1.68
-70,1.68
-70,1.6
-66,1.6
-70,1.6
-66,1.52
-66,1.52
-66,1.52
-70,1.44
-70,1.44
-66,1.44
-66,1.44
-66,1.3599999999999999
-66,1.3599999999999999
-66,1.3599999999999999
-66,1.3599999999999999
-62,1.28
-62,1.28
-62,1.2
-66,1.2
-62,1.2
-62,1.1199999999999999
-62,1.1199999999999999
-62,1.04
-62,1.04
-66,1.04
-62,1.04
-62,1.04
-62,0.96
-66,0.96
-62,0.96
-62,0.88
-66,0.8
-62,0.8
-62,0.8
-66,0.8
-62,0.8
-66,0.72
-62,0.72
-62,0.64
-62,0.64
-66,0.64
-62,0.64
-62,0.5599999999999999
-62,0.5599999999999999
-62,0.5599999999999999
-62,0.5599999999999999
-62,0.48
-62,0.48
-58,0.48
-62,0.48
-58,0.4
-62,0.32
-58,0.32
-62,0.32
-58,0.32
-62,0.24
-58,0.24
-58,0.24
-58,0.16
-62,0.16
-58,0.16
-62,0.08
-62,0.08
-58,0.08
-62,0.08
-58,0
-62,0
-58,0
-62,-0.08
-62,-0.08
-58,-0.08
-62,-0.08
-58,-0.16
-62,-0.16
-62,-0.16
-58,-0.16
-58,-0.24
-58,-0.24
-58,-0.24
-54,-0.32
-58,-0.32
-54,-0.4
-54,-0.4
-54,-0.4
-54,-0.48
-54,-0.48
-58,-0.48
-54,-0.48
-54,-0.48
-54,-0.56
-54,-0.56
-54,-0.56
-58,-0.64
-54,-0.64
-58,-0.72
-58,-0.72
-58,-0.72
-58,-0.72
-54,-0.72
-54,-0.8
-58,-0.8
-58,-0.8
-54,-0.8
-58,-0.88
-54,-0.88
-54,-0.88
-54,-0.96
-54,-0.96
-54,-0.96
-54,-1.04
-54,-1.04
-50,-1.04
-50,-1.04
-54,-1.12
-50,-1.12
-50,-1.12
-54,-1.2
-54,-1.2
-50,-1.28
-50,-1.28
-54,-1.28
-50,-1.28
-50,-1.28
-50,-1.28
-50,-1.36
-50,-1.36
-50,-1.36
-50,-1.44
-54,-1.44
-50,-1.44
-54,-1.44
-54,-1.52
-54,-1.52
-50,-1.52
-50,-1.52
-50,-1.6
-54,-1.6
-50,-1.6
-50,-1.6
-50,-1.6
-50,-1.68
-46,-1.68
-50,-1.76
-46,-1.76
-46,-1.76
-50,-1.76
-46,-1.76
-46,-1.76
-46,-1.84
-50,-1.84
-46,-1.84
-50,-1.84
-46,-1.84
-50,-1.92
-46,-1.92
-46,-1.92
-46,-1.92
-46,-1.92
-46,-1.92
-46,-2
-46,-2
-46,-2
-46,-2
-46,-2
-46,-2.08
-46,-2.08
-46,-2.08
-46,-2.08
-46,-2.08
-46,-2.16
-46,-2.16
-46,-2.16
-46,-2.16
-46,-2.24
-46,-2.24
-42,-2.24
-42,-2.24
-42,-2.24
-42,-2.24
-42,-2.24
-42,-2.24
-42,-2.32
-42,-2.24
-42,-2.32
-42,-2.32
-46,-2.32
-46,-2.32
-42,-2.32
-46,-2.32
-46,-2.32
-46,-2.32
-42,-2.4
-42,-2.4
-42,-2.4
-42,-2.48
-42,-2.48
-42,-2.48
-42,-2.48
-42,-2.48
-42,-2.48
-42,-2.48
-42,-2.48
-42,-2.48
-42,-2.56
-42,-2.56
-42,-2.56
-42,-2.56
-42,-2.56
-42,-2.56
-42,-2.56
-42,-2.56
-38,-2.56
-38,-2.64
-42,-2.64
-38,-2.64
-38,-2.64
-38,-2.64
-38,-2.64
-38,-2.64
-38,-2.64
-38,-2.64
-38,-2.64
-38,-2.64
-38,-2.64
-38,-2.64
-38,-2.72
-38,-2.64
-42,-2.64
-38,-2.64
-38,-2.72
-42,-2.72
-38,-2.72
-38,-2.72
-42,-2.64
-38,-2.64
-38,-2.72
-38,-2.72
-38,-2.64
-38,-2.72
-34,-2.72
-34,-2.64
-38,-2.72
-34,-2.72
-34,-2.72
-34,-2.72
-38,-2.72
-34,-2.72
-34,-2.72
-34,-2.72
-38,-2.72
-34,-2.72
-34,-2.8
-38,-2.8
-34,-2.72
-38,-2.8
-34,-2.72
-34,-2.72
-38,-2.72
-34,-2.72
-34,-2.72
-34,-2.72
-38,-2.8
-34,-2.8
-34,-2.72
-34,-2.72
-34,-2.8
-34,-2.72
-38,-2.72
-38,-2.72
-34,-2.72
-34,-2.72
-34,-2.72
-30,-2.64
-30,-2.64
-30,-2.64
-30,-2.72
-30,-2.64
-30,-2.64
-30,-2.72
-30,-2.72
-30,-2.72
-30,-2.72
-30,-2.72
-30,-2.64
-30,-2.64
-30,-2.64
-34,-2.64
-34,-2.64
-30,-2.64
-30,-2.64
-30,-2.56
-34,-2.56
-34,-2.56
-34,-2.56
-34,-2.56
-34,-2.56
-30,-2.56
-30,-2.56
-30,-2.56
-34,-2.56
-30,-2.56
-30,-2.56
-30,-2.56
-30,-2.56
-26,-2.48
-26,-2.48
-26,-2.48
-30,-2.48
-26,-2.4
-26,-2.4
-26,-2.4
-26,-2.32
-26,-2.32
-26,-2.4
-26,-2.4
-26,-2.4
-26,-2.4
-26,-2.32
-30,-2.32
-26,-2.32
-26,-2.32
-26,-2.24
-26,-2.24
-26,-2.24
-26,-2.16
-26,-2.16
-26,-2.16
-26,-2.16
-26,-2.16
-26,-2.16
-26,-2.16
-30,-2.16
-26,-2.08
-30,-2.08
-26,-2.08
-26,-2.08
-26,-2.08
-22,-2
-26,-2
-22,-2
-22,-2
-26,-2
-22,-1.92
-26,-1.92
-26,-1.92
-22,-1.92
-22,-1.84
-22,-1.84
-22,-1.84
-22,-1.84
-22,-1.84
-22,-1.76
-22,-1.76
-22,-1.76
-26,-1.76
-26,-1.76
-26,-1.68
-22,-1.68
-26,-1.68
-22,-1.6
-22,-1.6
-22,-1.6
-26,-1.52
-22,-1.52
-22,-1.52
-22,-1.52
-22,-1.52
-22,-1.52
-22,-1.52
-22,-1.44
-18,-1.44
-18,-1.36
-18,-1.36
-18,-1.36
-18,-1.36
-18,-1.28
-18,-1.28
-22,-1.28
-18,-1.28
-18,-1.2
-18,-1.2
-18,-1.2
-18,-1.12
-18,-1.12
-18,-1.12
-18,-1.12
-18,-1.04
-18,-1.04
-22,-1.04
-22,-0.96
-22,-0.96
-22,-0.96
-18,-0.96
-18,-0.96
-18,-0.88
-22,-0.88
-18,-0.8
-22,-0.8
-18,-0.8
-18,-0.8
-18,-0.72
-18,-0.64
-18,-0.64
-14,-0.64
-14,-0.64
-18,-0.64
-14,-0.56
-18,-0.56
-14,-0.56
-14,-0.56
-14,-0.56
-18,-0.48
-14,-0.48
-14,-0.4
-14,-0.48
-14,-0.4
-18,-0.4
-14,-0.32
-14,-0.32
-14,-0.24
-14,-0.24
-18,-0.24
-18,-0.24
-18,-0.16
-14,-0.16
-14,-0.16
-18,-0.08
-14,-0.08
-14,-0.08
-14,0
-18,-0.08
-14,0
-14,0
-14,0
-14,0.08
-10,0.08
-10,0.08
-10,0.16
-10,0.16
-10,0.24
-10,0.24
-10,0.32
-10,0.32
-10,0.4
-10,0.4
-10,0.4
-10,0.48
-10,0.48
-10,0.48
-10,0.48
-10,0.5599999999999999
-10,0.5599999999999999
-10,0.5599999999999999
-10,0.5599999999999999
-10,0.64
-14,0.64
-10,0.64
-10,0.72
-14,0.72
-10,0.8
-10,0.8
-10,0.8
-14,0.88
-10,0.88
-10,0.88
-10,0.96
-6,0.96
-6,0.96
-6,1.04
-6,1.04
-6,1.04
-6,1.04
-6,1.1199999999999999
-6,1.04
-6,1.1199999999999999
-6,1.1199999999999999
-6,1.2
-6,1.2
-6,1.28
-6,1.28
-6,1.28
-6,1.28
-6,1.3599999999999999
-6,1.3599999999999999
-10,1.3599999999999999
-6,1.3599999999999999
-6,1.44
-6,1.44
-6,1.44
-6,1.52
-6,1.52
-10,1.6
-6,1.6
-6,1.6
-6,1.68
-6,1.68
-6,1.76
-2,1.76
-2,1.76
-6,1.76
-2,1.8399999999999999
-2,1.8399999999999999
-2,1.8399999999999999
-2,1.8399999999999999
-2,1.92
-2,1.92
-2,1.92
-2,1.92
-2,2
-2,2
-2,2
-2,2.08
-2,2.08
-6,2.08
-2,2.08
-2,2.16
-2,2.16
-2,2.16
-2,2.16
-2,2.16
-2,2.16
-2,2.16
-2,2.16
-2,2.2399999999999998
-2,2.2399999999999998
-6,2.2399999999999998
-2,2.2399999999999998
-2,2.32
-2,2.32
-2,2.32
-2,2.4
2,2.4
-2,2.4
2,2.4
2,2.48
2,2.48
2,2.48
2,2.48
2,2.56
-2,2.56
2,2.56
2,2.56
2,2.56
2,2.56
2,2.56
2,2.56
2,2.56
2,2.64
2,2.64
2,2.7199999999999998
2,2.7199999999999998
2,2.7199999999999998
2,2.8000000000000003
2,2.8000000000000003
2,2.8000000000000003
-2,2.8000000000000003
2,2.8000000000000003
2,2.8000000000000003
2,2.8000000000000003
2,2.8000000000000003
2,2.8000000000000003
2,2.8000000000000003
2,2.8000000000000003
6,2.8000000000000003
6,2.8000000000000003
6,2.88
6,2.88
6,2.88
6,2.96
6,2.96
6,2.96
6,2.96
2,2.96
6,2.96
6,2.96
2,2.96
6,2.96
6,3.04
6,3.04
6,3.04
6,3.04
6,3.1199999999999997
6,3.1199999999999997
6,3.1199999999999997
6,3.1199999999999997
6,3.1199999999999997
6,3.2
6,3.2
6,3.2
2,3.2
6,3.2
6,3.2
6,3.2
6,3.2
6,3.2
6,3.1199999999999997
10,3.1199999999999997
10,3.1199999999999997
10,3.2
10,3.1199999999999997
6,3.1199999999999997
6,3.2
10,3.2
10,3.2
10,3.2
10,3.2800000000000002
10,3.2800000000000002
10,3.2800000000000002
10,3.2800000000000002
10,3.2800000000000002
10,3.2800000000000002
10,3.2800000000000002
10,3.2800000000000002
10,3.2800000000000002
10,3.2
10,3.2
10,3.2800000000000002
6,3.2800000000000002
10,3.2
10,3.2
10,3.2
10,3.2800000000000002
10,3.2800000000000002
10,3.2800000000000002
10,3.2800000000000002
10,3.2
10,3.2800000000000002
10,3.2800000000000002
10,3.2800000000000002
14.000000000000002,3.2800000000000002
10,3.2800000000000002
14.000000000000002,3.2800000000000002
14.000000000000002,3.2800000000000002
14.000000000000002,3.2800000000000002
14.000000000000002,3.2
14.000000000000002,3.2
14.000000000000002,3.2
14.000000000000002,3.2
14.000000000000002,3.2800000000000002
14.000000000000002,3.2800000000000002
14.000000000000002,3.2800000000000002
14.000000000000002,3.2
14.000000000000002,3.2
14.000000000000002,3.2
14.000000000000002,3.2
14.000000000000002,3.2
14.000000000000002,3.2
10,3.1199999999999997
14.000000000000002,3.1199999999999997
10,3.1199999999999997
10,3.1199999999999997
14.000000000000002,3.1199999999999997
10,3.1199999999999997
14.000000000000002,3.1199999999999997
14.000000000000002,3.04
14.000000000000002,3.1199999999999997
14.000000000000002,3.1199999999999997
14.000000000000002,3.1199999999999997
14.000000000000002,3.1199999999999997
14.000000000000002,3.1199999999999997
14.000000000000002,3.1199999999999997
18,3.1199999999999997
14.000000000000002,3.1199999999999997
14.000000000000002,3.1199999999999997
14.000000000000002,3.1199999999999997
18,3.04
18,3.04
18,3.04
18,3.04
18,3.04
18,3.04
18,3.04
14.000000000000002,3.04
18,3.04
18,3.04
18,3.04
14.000000000000002,3.04
18,3.04
18,2.96
18,2.96
18,2.96
18,2.88
18,2.88
18,2.88
18,2.88
18,2.8000000000000003
18,2.8000000000000003
18,2.88
18,2.88
14.000000000000002,2.88
18,2.8000000000000003
18,2.8000000000000003
18,2.8000000000000003
22,2.8000000000000003
22,2.8000000000000003
22,2.8000000000000003
22,2.8000000000000003
22,2.7199999999999998
22,2.7199999999999998
22,2.7199999999999998
22,2.64
22,2.64
22,2.64
22,2.56
18,2.56
22,2.56
22,2.56
22,2.56
22,2.48
22,2.48
18,2.48
22,2.48
22,2.48
22,2.48
18,2.48
22,2.48
22,2.48
22,2.4
22,2.4
22,2.4
22,2.4
22,2.32
18,2.32
22,2.32
22,2.2399999999999998
22,2.2399999999999998
26,2.2399999999999998
22,2.2399999999999998
26,2.16
22,2.16
22,2.16
26,2.16
22,2.08
26,2.08
26,2.16
22,2.08
22,2.08
26,2.08
22,2.08
26,2
26,2
26,2
26,1.92
26,1.92
26,1.92
26,1.92
26,1.92
26,1.92
26,1.8399999999999999
26,1.8399999999999999
26,1.8399999999999999
26,1.8399999999999999
22,1.76
22,1.76
26,1.76
26,1.68
26,1.68
26,1.68
26,1.6
26,1.6
30,1.6
30,1.6
30,1.52
30,1.52
30,1.52
30,1.52
30,1.44
30,1.44
30,1.44
30,1.44
30,1.3599999999999999
30,1.3599999999999999
30,1.3599999999999999
30,1.28
30,1.28
30,1.28
30,1.2
30,1.2
30,1.2
30,1.1199999999999999
30,1.1199999999999999
30,1.1199999999999999
30,1.1199999999999999
30,1.1199999999999999
30,1.04
30,0.96
30,0.96
30,0.96
30,0.96
30,0.88
34,0.88
34,0.88
34,0.88
34,0.8
34,0.8
34,0.8
34,0.8
34,0.8
34,0.72
34,0.72
34,0.72
34,0.64
34,0.72
34,0.72
34,0.72
34,0.64
34,0.64
34,0.5599999999999999
34,0.5599999999999999
34,0.48
34,0.48
34,0.48
34,0.48
34,0.4
34,0.4
34,0.4
34,0.32
34,0.32
34,0.32
34,0.24
34,0.24
34,0.24
38,0.24
38,0.16
38,0.16
38,0.16
38,0.08
38,0.16
38,0.08
38,0
38,0
38,0
38,-0.08
38,-0.08
38,-0.08
38,-0.08
38,-0.16
38,-0.16
38,-0.16
38,-0.16
38,-0.24
38,-0.24
38,-0.24
38,-0.32
38,-0.32
38,-0.32
38,-0.32
38,-0.32
38,-0.32
38,-0.4
38,-0.4
38,-0.4
38,-0.48
38,-0.48
38,-0.48
38,-0.56
42,-0.56
42,-0.56
42,-0.56
42,-0.64
42,-0.64
42,-0.64
42,-0.72
42,-0.72
42,-0.72
42,-0.72
42,-0.72
42,-0.8
42,-0.88
42,-0.88
42,-0.88
42,-0.88
42,-0.88
42,-0.88
42,-0.96
42,-0.96
42,-0.96
42,-0.96
42,-1.04
42,-1.04
42,-1.12
42,-1.12
42,-1.12
42,-1.12
42,-1.2
42,-1.12
42,-1.2
42,-1.2
42,-1.2
46,-1.28
46,-1.28
46,-1.28
46,-1.28
46,-1.36
46,-1.36
46,-1.36
46,-1.44
46,-1.44
46,-1.44
46,-1.44
46,-1.44
46,-1.44
46,-1.44
46,-1.52
46,-1.52
46,-1.52
46,-1.6
46,-1.6
46,-1.6
46,-1.68
46,-1.68
46,-1.68
46,-1.68
46,-1.68
46,-1.68
46,-1.76
46,-1.76
46,-1.76
46,-1.76
46,-1.76
46,-1.76
46,-1.76
50,-1.76
50,-1.84
46,-1.84
50,-1.84
50,-1.92
50,-1.92
50,-1.92
50,-1.92
50,-2
50,-2
50,-2
50,-2.08
50,-2.08
50,-2.08
50,-2.08
50,-2.08
50,-2.08
50,-2.08
50,-2.08
50,-2.08
50,-2.08
50,-2.16
50,-2.16
50,-2.16
50,-2.24
50,-2.32
50,-2.32
50,-2.32
50,-2.32
50,-2.24
50,-2.32
54,-2.32
54,-2.32
54,-2.24
54,-2.32
54,-2.32
54,-2.32
54,-2.32
54,-2.32
54,-2.4
54,-2.4
54,-2.4
54,-2.4
54,-2.48
54,-2.48
54,-2.48
54,-2.48
54,-2.4
54,-2.48
54,-2.48
54,-2.48
54,-2.48
54,-2.48
54,-2.48
54,-2.48
54,-2.48
54,-2.48
54,-2.48
54,-2.56
54,-2.56
54,-2.56
54,-2.56
54,-2.64
57.99999999999999,-2.56
54,-2.64
57.99999999999999,-2.64
57.99999999999999,-2.64
57.99999999999999,-2.64
57.99999999999999,-2.64
57.99999999999999,-2.64
57.99999999999999,-2.64
57.99999999999999,-2.64
57.99999999999999,-2.64
57.99999999999999,-2.64
57.99999999999999,-2.64
57.99999999999999,-2.64
57.99999999999999,-2.72
57.99999999999999,-2.72
57.99999999999999,-2.72
57.99999999999999,-2.72
57.99999999999999,-2.72
57.99999999999999,-2.72
57.99999999999999,-2.8
57.99999999999999,-2.72
57.99999999999999,-2.72
57.99999999999999,-2.72
57.99999999999999,-2.72
57.99999999999999,-2.64
57.99999999999999,-2.64
57.99999999999999,-2.72
57.99999999999999,-2.72
57.99999999999999,-2.64
57.99999999999999,-2.72
57.99999999999999,-2.72
57.99999999999999,-2.72
57.99999999999999,-2.72
57.99999999999999,-2.72
62,-2.72
62,-2.72
62,-2.72
62,-2.64
62,-2.72
62,-2.72
62,-2.72
62,-2.72
62,-2.72
62,-2.72
62,-2.72
62,-2.64
62,-2.72
62,-2.72
62,-2.72
62,-2.72
62,-2.72
62,-2.72
62,-2.72
62,-2.72
62,-2.72
62,-2.72
62,-2.72
62,-2.72
62,-2.64
62,-2.64
62,-2.64
62,-2.64
62,-2.64
62,-2.64
62,-2.64
66,-2.64
66,-2.72
66,-2.64
66,-2.64
66,-2.64
66,-2.64
66,-2.64
66,-2.64
66,-2.64
66,-2.56
66,-2.56
66,-2.56
66,-2.56
66,-2.56
66,-2.56
66,-2.56
66,-2.56
66,-2.48
66,-2.48
66,-2.48
66,-2.48
66,-2.56
66,-2.56
66,-2.48
66,-2.48
66,-2.48
66,-2.48
66,-2.48
66,-2.48
66,-2.48
66,-2.48
66,-2.48
66,-2.48
66,-2.4
70,-2.32
70,-2.32
70,-2.32
70,-2.32
70,-2.32
70,-2.32
70,-2.32
70,-2.32
70,-2.32
70,-2.32
70,-2.24
70,-2.24
70,-2.24
70,-2.16
70,-2.16
70,-2.16
70,-2.16
70,-2.16
70,-2.16
70,-2.08
70,-2.08
70,-2.08
70,-2.08
70,-2.08
70,-2.08
70,-2.08
70,-2
70,-2
70,-2
70,-2
70,-2
70,-1.92
74,-1.92
74,-1.84
74,-1.84
74,-1.84
74,-1.76
74,-1.76
74,-1.76
74,-1.76
74,-1.76
74,-1.76
74,-1.76
74,-1.76
74,-1.68
74,-1.68
74,-1.68
74,-1.68
74,-1.68
74,-1.6
74,-1.6
74,-1.52
74,-1.52
74,-1.44
74,-1.44
74,-1.44
74,-1.44
74,-1.44
74,-1.44
74,-1.36
74,-1.36
74,-1.36
74,-1.36
74,-1.28
78,-1.28
78,-1.36
78,-1.28
78,-1.2
78,-1.2
78,-1.2
78,-1.2
78,-1.12
78,-1.12
78,-1.04
78,-1.04
78,-1.04
78,-0.96
78,-0.96
78,-0.96
78,-0.96
78,-0.88
78,-0.88
78,-0.88
78,-0.88
78,-0.88
78,-0.8
78,-0.8
78,-0.72
78,-0.72
78,-0.64
78,-0.64
78,-0.56
78,-0.56
78,-0.56
78,-0.48
82,-0.48
82,-0.48
82,-0.4
82,-0.48
78,-0.4
82,-0.4
82,-0.4
82,-0.4
82,-0.32
82,-0.24
82,-0.24
82,-0.24
82,-0.24
82,-0.16
82,-0.16
82,-0.08
82,-0.08
82,-0.08
82,0
82,0
82,0
82,0
82,0.08
82,0.16
82,0.08
82,0.16
82,0.16
82,0.24
82,0.24
82,0.24
82,0.32
82,0.32
82,0.32
82,0.32
86,0.32
86,0.4
86,0.4
86,0.48
86,0.48
86,0.5599999999999999
86,0.5599999999999999
86,0.5599999999999999
86,0.64
86,0.64
86,0.64
86,0.72
86,0.72
86,0.72
86,0.72
86,0.8
86,0.8
86,0.8
86,0.88
86,0.88
86,0.88
86,0.96
86,0.96
86,1.04
86,1.04
86,1.1199999999999999
86,1.1199999999999999
86,1.1199999999999999
86,1.2
86,1.2
86,1.2
86,1.28
86,1.28
86,1.28
90,1.28
86,1.3599999999999999
86,1.3599999999999999
90,1.3599999999999999
90,1.44
90,1.44
90,1.44
90,1.52
90,1.52
90,1.52
90,1.52
90,1.6
90,1.68
90,1.68
90,1.68
90,1.68
90,1.68
90,1.76
90,1.76
90,1.76
90,1.8399999999999999
90,1.8399999999999999
90,1.92
90,1.92
90,1.92
90,2
90,2
90,2
90,2
90,2
90,2.08
90,2.08
90,2.08
90,2.08
90,2.08
94,2.16
94,2.16
94,2.16
94,2.16
94,2.16
94,2.2399999999999998
94,2.2399999999999998
94,2.2399999999999998
94,2.32
94,2.32
94,2.32
94,2.32
94,2.4
94,2.4
94,2.4
94,2.4
94,2.48
94,2.48
94,2.48
94,2.56
94,2.56
94,2.56
94,2.56
94,2.56
94,2.64
94,2.64
94,2.64
94,2.7199999999999998
94,2.7199999999999998
94,2.7199999999999998
98,2.7199999999999998
98,2.7199999999999998
98,2.7199999999999998
98,2.8000000000000003
98,2.8000000000000003
98,2.8000000000000003
98,2.8000000000000003
98,2.8000000000000003
98,2.8000000000000003
98,2.88
98,2.88
98,2.88
98,2.96
98,2.96
98,2.96
98,2.96
98,2.96
98,2.96
98,2.96
98,3.04
98,3.04
98,3.04
98,3.04
98,3.04
98,3.04
98,3.04
98,3.1199999999999997
98,3.1199999999999997
98,3.1199999999999997
98,3.2
98,3.2
102,3.2
102,3.2
98,3.1199999999999997
102,3.2
102,3.2
102,3.2
102,3.2
102,3.2
102,3.2
102,3.2
102,3.2
102,3.2
102,3.2
102,3.2
102,3.2
102,3.2
102,3.2800000000000002
102,3.2800000000000002
102,3.2800000000000002
102,3.36
102,3.36
102,3.36
102,3.36
102,3.36
102,3.36
102,3.36
102,3.36
102,3.36
102,3.36
102,3.36
102,3.36
102,3.36
102,3.36
102,3.36
106,3.36
106,3.36
106,3.36
106,3.44
106,3.44
106,3.44
106,3.36
106,3.36
106,3.36
106,3.44
106,3.36
106,3.36
106,3.44
106,3.44
106,3.36
106,3.36
106,3.36
106,3.36
106,3.36
106,3.36
106,3.44
106,3.44
106,3.44
106,3.44
106,3.44
106,3.44
106,3.44
106,3.36
106,3.2800000000000002
106,3.36
106,3.36
106,3.36
110.00000000000001,3.2800000000000002
110.00000000000001,3.2800000000000002
106,3.2800000000000002
110.00000000000001,3.2800000000000002
110.00000000000001,3.36
110.00000000000001,3.36
110.00000000000001,3.36
110.00000000000001,3.36
110.00000000000001,3.36
110.00000000000001,3.36
110.00000000000001,3.36
110.00000000000001,3.36
110.00000000000001,3.36
110.00000000000001,3.2800000000000002
110.00000000000001,3.2800000000000002
110.00000000000001,3.2800000000000002
110.00000000000001,3.36
110.00000000000001,3.2800000000000002
110.00000000000001,3.2800000000000002
110.00000000000001,3.2800000000000002
110.00000000000001,3.2
110.00000000000001,3.2
110.00000000000001,3.2
110.00000000000001,3.2
110.00000000000001,3.2
110.00000000000001,3.2
110.00000000000001,3.2
110.00000000000001,3.2
110.00000000000001,3.2
110.00000000000001,3.2
110.00000000000001,3.2
110.00000000000001,3.2
113.99999999999999,3.2
113.99999999999999,3.1199999999999997
113.99999999999999,3.1199999999999997
110.00000000000001,3.1199999999999997
113.99999999999999,3.04
113.99999999999999,3.1199999999999997
113.99999999999999,3.1199999999999997
113.99999999999999,3.1199999999999997
113.99999999999999,3.04
113.99999999999999,3.1199999999999997
113.99999999999999,3.1199999999999997
113.99999999999999,3.04
113.99999999999999,3.04
113.99999999999999,3.04
113.99999999999999,2.96
113.99999999999999,2.96
113.99999999999999,3.04
113.99999999999999,2.96
113.99999999999999,2.96
113.99999999999999,2.96
113.99999999999999,2.96
113.99999999999999,2.88
113.99999999999999,2.88
113.99999999999999,2.8000000000000003
113.99999999999999,2.8000000000000003
113.99999999999999,2.8000000000000003
113.99999999999999,2.8000000000000003
113.99999999999999,2.8000000000000003
113.99999999999999,2.8000000000000003
113.99999999999999,2.8000000000000003
113.99999999999999,2.8000000000000003
118,2.7199999999999998
118,2.7199999999999998
118,2.7199999999999998
118,2.7199999999999998
118,2.64
118,2.64
113.99999999999999,2.64
118,2.64
118,2.56
118,2.56
118,2.56
118,2.56
118,2.56
118,2.56
122,2.56
118,2.48
118,2.48
118,2.48
118,2.48
118,2.4
118,2.4
118,2.4
118,2.4
118,2.4
118,2.4
118,2.32
118,2.32
118,2.32
118,2.32
118,2.32
118,2.32
118,2.32
118,2.2399999999999998
118,2.2399999999999998
122,2.2399999999999998
118,2.16
118,2.16
118,2.16
122,2.16
122,2.08
122,2.08
122,2.08
122,2
122,2
122,2
122,1.92
122,1.92
122,1.92
122,1.8399999999999999
122,1.8399999999999999
122,1.8399999999999999
122,1.8399999999999999
122,1.76
122,1.76
122,1.76
122,1.76
122,1.68
122,1.68
122,1.68
122,1.68
122,1.6
122,1.6
122,1.52
122,1.52
122,1.6
122,1.52
122,1.52
126,1.44
122,1.44
122,1.44
126,1.44
126,1.3599999999999999
126,1.3599999999999999
126,1.3599999999999999
126,1.28
126,1.28
126,1.28
126,1.28
126,1.2
126,1.2
126,1.1199999999999999
126,1.1199999999999999
126,1.1199999999999999
126,1.1199999999999999
126,1.04
126,1.04
126,1.04
126,1.04
126,0.96
126,0.96
126,0.96
126,0.88
126,0.88
126,0.88
126,0.8
126,0.8
126,0.8
130,0.72
126,0.72
126,0.64
130,0.64
130,0.64
130,0.64
130,0.64
130,0.64
130,0.5599999999999999
130,0.5599999999999999
130,0.5599999999999999
130,0.48
130,0.48
130,0.48
130,0.4
130,0.4
130,0.4
130,0.4
130,0.32
130,0.32
130,0.24
130,0.24
130,0.24
130,0.16
130,0.16
130,0.16
130,0.16
130,0.16
130,0.08
130,0.08
130,0
130,0
130,0
130,0
130,0
130,0
134,-0.08
134,-0.08
134,-0.16
134,-0.16
134,-0.24
134,-0.24
134,-0.24
134,-0.24
134,-0.32
134,-0.32
134,-0.32
134,-0.32
134,-0.32
134,-0.4
134,-0.4
134,-0.4
134,-0.48
134,-0.48
134,-0.48
134,-0.48
134,-0.56
134,-0.56
134,-0.56
134,-0.64
134,-0.64
134,-0.64
134,-0.72
134,-0.72
134,-0.72
134,-0.72
134,-0.72
134,-0.8
138,-0.8
134,-0.8
138,-0.8
134,-0.8
138,-0.88
138,-0.88
142,-0.88
138,-0.88
142,-0.96
138,-0.96
142,-0.96
142,-1.04
138,-1.04
138,-1.04
138,-1.04
142,-1.12
138,-1.12
138,-1.12
142,-1.12
138,-1.2
138,-1.2
138,-1.2
138,-1.2
142,-1.28
138,-1.2
138,-1.28
138,-1.28
138,-1.28
138,-1.28
142,-1.36
138,-1.36
138,-1.44
138,-1.44
142,-1.44
138,-1.44
142,-1.52
142,-1.52
142,-1.52
142,-1.52
142,-1.52
142,-1.6
146,-1.6
142,-1.6
142,-1.6
142,-1.68
146,-1.68
142,-1.68
146,-1.76
142,-1.76
142,-1.76
146,-1.76
142,-1.76
146,-1.76
146,-1.84
142,-1.84
142,-1.84
142,-1.84
142,-1.84
142,-1.84
146,-1.84
142,-1.84
146,-1.84
146,-1.84
146,-1.92
146,-1.92
146,-1.92
142,-2
146,-2
146,-2.08
146,-2.08
146,-2.08
146,-2.08
146,-2.08
146,-2.08
146,-2.08
150,-2.16
146,-2.16
146,-2.16
146,-2.16
150,-2.16
146,-2.16
146,-2.16
146,-2.16
150,-2.24
150,-2.24
146,-2.24
146,-2.24
150,-2.24
150,-2.24
150,-2.24
146,-2.32
146,-2.32
146,-2.32
150,-2.32
150,-2.32
150,-2.32
146,-2.32
150,-2.32
150,-2.4
146,-2.4
150,-2.4
150,-2.48
150,-2.4
150,-2.48
150,-2.48
150,-2.48
150,-2.48
150,-2.48
150,-2.48
154,-2.48
150,-2.48
154,-2.48
150,-2.56
154,-2.48
154,-2.48
150,-2.48
150,-2.48
150,-2.48
150,-2.56
150,-2.56
150,-2.56
150,-2.56
150,-2.56
150,-2.56
150,-2.56
150,-2.56
150,-2.56
150,-2.56
154,-2.56
154,-2.56
154,-2.56
154,-2.56
150,-2.56
154,-2.56
154,-2.56
154,-2.56
154,-2.56
154,-2.56
158,-2.56
158,-2.64
154,-2.64
154,-2.56
154,-2.56
154,-2.56
154,-2.56
154,-2.56
158,-2.56
154,-2.56
154,-2.56
158,-2.56
154,-2.56
154,-2.56
154,-2.56
154,-2.56
154,-2.56
154,-2.64
158,-2.64
154,-2.64
154,-2.64
158,-2.64
158,-2.64
154,-2.56
154,-2.56
158,-2.56
154,-2.64
154,-2.64
154,-2.64
158,-2.56
158,-2.56
158,-2.48
158,-2.56
158,-2.56
158,-2.56
162,-2.56
158,-2.56
158,-2.56
158,-2.56
158,-2.56
162,-2.56
158,-2.56
162,-2.56
158,-2.56
162,-2.56
158,-2.56
158,-2.56
158,-2.48
162,-2.48
158,-2.48
158,-2.48
162,-2.48
162,-2.48
158,-2.48
158,-2.48
158,-2.48
158,-2.4
162,-2.48
162,-2.48
162,-2.4
158,-2.4
158,-2.4
162,-2.4
162,-2.4
162,-2.32
162,-2.32
166,-2.32
166,-2.32
166,-2.32
166,-2.32
166,-2.32
166,-2.32
162,-2.32
166,-2.32
162,-2.32
162,-2.32
166,-2.24
166,-2.24
162,-2.24
162,-2.24
162,-2.24
162,-2.24
162,-2.16
162,-2.16
166,-2.16
166,-2.16
162,-2.08
162,-2.08
162,-2.08
162,-2.08
162,-2.08
166,-2
166,-2.08
162,-2.08
162,-2.08
166,-2
166,-2
166,-2
166,-2
166,-2
166,-1.92
166,-1.92
166,-1.92
166,-1.84
170,-1.84
166,-1.84
166,-1.84
166,-1.76
166,-1.76
166,-1.76
166,-1.76
170,-1.76
170,-1.76
170,-1.76
166,-1.76
170,-1.76
166,-1.76
166,-1.68
170,-1.68
170,-1.68
166,-1.6
166,-1.6
166,-1.6
170,-1.6
170,-1.6
166,-1.52
170,-1.52
170,-1.52
170,-1.52
170,-1.44
170,-1.44
170,-1.44
170,-1.36
170,-1.36
170,-1.36
170,-1.36
170,-1.28
170,-1.28
174,-1.28
170,-1.28
170,-1.28
170,-1.2
170,-1.2
170,-1.2
170,-1.2
170,-1.2
170,-1.2
170,-1.12
170,-1.12
170,-1.12
170,-1.04
174,-1.04
170,-1.04
170,-0.96
170,-0.96
174,-0.96
174,-0.88
174,-0.88
174,-0.88
174,-0.88
174,-0.88
174,-0.8
174,-0.8
174,-0.8
174,-0.72
178,-0.72
174,-0.72
178,-0.72
174,-0.72
178,-0.64
174,-0.64
174,-0.64
178,-0.56
174,-0.56
174,-0.48
174,-0.48
174,-0.48
174,-0.48
174,-0.48
174,-0.4
174,-0.4
174,-0.4
178,-0.32
178,-0.32
174,-0.32
178,-0.24
178,-0.24
178,-0.24
174,-0.16
178,-0.16
174,-0.16
178,-0.08
174,-0.08
178,-0.08
178,0
178,0
178,0
178,0.08
178,0.08
182,0.08
178,0.16
182,0.16
182,0.16
178,0.16
178,0.24
178,0.24
182,0.24
178,0.32
182,0.32
182,0.32
178,0.32
178,0.4
178,0.4
182,0.4
178,0.4
178,0.48
178,0.5599999999999999
178,0.5599999999999999
182,0.5599999999999999
182,0.64
182,0.64
178,0.64
182,0.64
182,0.64
182,0.64
182,0.64
182,0.64
182,0.72
182,0.72
182,0.8
186,0.8
182,0.8
186,0.88
186,0.88
186,0.96
186,0.96
182,0.96
182,1.04
186,1.04
182,1.04
186,1.04
182,1.1199999999999999
182,1.1199999999999999
186,1.2
186,1.1199999999999999
186,1.2
186,1.2
182,1.2
186,1.28
186,1.28
186,1.3599999999999999
182,1.3599999999999999
186,1.3599999999999999
182,1.3599999999999999
182,1.3599999999999999
186,1.44
182,1.44
186,1.52
182,1.52
186,1.6
186,1.6
186,1.6
186,1.6
190,1.6
190,1.6
190,1.68
190,1.68
186,1.76
186,1.8399999999999999
190,1.8399999999999999
186,1.8399999999999999
190,1.8399999999999999
186,1.8399999999999999
190,1.92
186,1.92
186,1.92
190,1.92
186,2
190,2
190,2
186,2
190,2
186,2.08
190,2.08
190,2.08
190,2.16
190,2.08
186,2.16
190,2.16
190,2.2399999999999998
190,2.2399999999999998
186,2.2399999999999998
190,2.2399999999999998
190,2.32
190,2.32
190,2.32
190,2.32
194,2.4
190,2.4
190,2.48
194,2.48
190,2.48
190,2.48
194,2.48
194,2.48
190,2.48
194,2.56
190,2.56
190,2.56
190,2.56
194,2.64
194,2.64
190,2.7199999999999998
194,2.64
194,2.7199999999999998
190,2.7199999999999998
194,2.7199999999999998
194,2.7199999999999998
190,2.7199999999999998
190,2.7199999999999998
194,2.7199999999999998
190,2.7199999999999998
190,2.8000000000000003
194,2.8000000000000003
190,2.8000000000000003
194,2.88
194,2.88
194,2.88
198,2.88
194,2.96
194,2.96
194,2.96
198,2.88
198,2.88
198,2.88
198,2.88
198,2.96
194,2.96
194,3.04
198,2.96
194,3.04
194,3.04
194,3.04
194,3.04
194,3.04
194,3.1199999999999997
194,3.1199999999999997
194,3.1199999999999997
194,3.1199999999999997
198,3.2
194,3.2
194,3.2
194,3.1199999999999997
198,3.2
194,3.2
198,3.2
194,3.2
198,3.2
198,3.2
198,3.2
198,3.2800000000000002
198,3.2800000000000002
198,3.2800000000000002
202,3.36
202,3.36
198,3.36
202,3.36
202,3.36
202,3.36
198,3.36
198,3.2800000000000002
202,3.2800000000000002
198,3.2800000000000002
198,3.2800000000000002
198,3.2800000000000002
202,3.2800000000000002
198,3.2800000000000002
202,3.2800000000000002
202,3.36
202,3.36
198,3.44
198,3.44
202,3.44
202,3.44
198,3.44
198,3.44
198,3.44
202,3.44
202,3.36
198,3.36
198,3.36
202,3.36
202,3.36
202,3.36
202,3.36
202,3.36
206,3.36
202,3.44
206,3.44
202,3.52
202,3.52
206,3.44
202,3.44
202,3.44
206,3.52
206,3.44
202,3.44
202,3.44
202,3.44
206,3.36
202,3.36
202,3.36
206,3.36
206,3.44
202,3.36
206,3.36
202,3.36
202,3.36
202,3.36
206,3.36
206,3.36
202,3.36
206,3.2800000000000002
202,3.36
206,3.36
206,3.2800000000000002
206,3.2800000000000002
206,3.2800000000000002
210,3.2
210,3.2
206,3.2800000000000002
210,3.2800000000000002
210,3.2
206,3.2800000000000002
210,3.2
210,3.2
210,3.2
210,3.2
206,3.2
210,3.2
210,3.2
210,3.2
210,3.1199999999999997
206,3.1199999999999997
206,3.04
210,3.04
206,3.04
206,3.04
206,3.04
206,3.04
210,3.04
206,2.96
210,2.96
210,2.96
210,2.96
210,2.96
210,3.04
210,2.96
210,2.96
210,2.96
210,2.96
210,2.96
210,2.96
214,2.96
210,2.88
210,2.88
210,2.88
214,2.88
214,2.8000000000000003
214,2.8000000000000003
214,2.8000000000000003
214,2.8000000000000003
214,2.8000000000000003
214,2.8000000000000003
214,2.8000000000000003
214,2.8000000000000003
214,2.8000000000000003
214,2.7199999999999998
214,2.7199999999999998
214,2.7199999999999998
210,2.7199999999999998
210,2.64
214,2.64
210,2.64
214,2.64
214,2.64
214,2.64
214,2.64
214,2.56
214,2.56
214,2.56
214,2.48
214,2.48
218.00000000000003,2.48
214,2.48
214,2.48
218.00000000000003,2.48
218.00000000000003,2.4
214,2.32
218.00000000000003,2.32
218.00000000000003,2.32
218.00000000000003,2.32
218.00000000000003,2.32
214,2.2399999999999998
218.00000000000003,2.2399999999999998
214,2.2399999999999998
214,2.2399999999999998
218.00000000000003,2.2399999999999998
218.00000000000003,2.2399999999999998
214,2.2399999999999998
214,2.16
218.00000000000003,2.16
214,2.08
214,2.08
218.00000000000003,2
218.00000000000003,2
218.00000000000003,2
218.00000000000003,1.92
218.00000000000003,1.92
218.00000000000003,1.92
218.00000000000003,1.92
214,1.92
218.00000000000003,1.92
218.00000000000003,1.92
218.00000000000003,1.8399999999999999
218.00000000000003,1.8399999999999999
218.00000000000003,1.8399999999999999
222.00000000000003,1.8399999999999999
218.00000000000003,1.8399999999999999
222.00000000000003,1.76
218.00000000000003,1.76
222.00000000000003,1.68
218.00000000000003,1.68
218.00000000000003,1.68
218.00000000000003,1.68
218.00000000000003,1.6
222.00000000000003,1.6
218.00000000000003,1.6
222.00000000000003,1.52
222.00000000000003,1.52
222.00000000000003,1.52
218.00000000000003,1.52
222.00000000000003,1.44
218.00000000000003,1.44
222.00000000000003,1.44
222.00000000000003,1.44
222.00000000000003,1.3599999999999999
222.00000000000003,1.3599999999999999
222.00000000000003,1.3599999999999999
222.00000000000003,1.28
222.00000000000003,1.28
222.00000000000003,1.2
222.00000000000003,1.2
222.00000000000003,1.1199999999999999
218.00000000000003,1.1199999999999999
222.00000000000003,1.1199999999999999
222.00000000000003,1.1199999999999999
222.00000000000003,1.1199999999999999
222.00000000000003,1.04
222.00000000000003,1.04
225.99999999999997,0.96
222.00000000000003,0.96
222.00000000000003,0.96
222.00000000000003,0.96
225.99999999999997,0.96
225.99999999999997,0.88
225.99999999999997,0.88
222.00000000000003,0.8
225.99999999999997,0.8
225.99999999999997,0.8
225.99999999999997,0.8
222.00000000000003,0.72
225.99999999999997,0.72
225.99999999999997,0.64
225.99999999999997,0.64
225.99999999999997,0.64
222.00000000000003,0.64
222.00000000000003,0.64
225.99999999999997,0.64
225.99999999999997,0.5599999999999999
222.00000000000003,0.5599999999999999
222.00000000000003,0.5599999999999999
222.00000000000003,0.48
222.00000000000003,0.48
225.99999999999997,0.4
222.00000000000003,0.4
225.99999999999997,0.4
225.99999999999997,0.32
225.99999999999997,0.4
222.00000000000003,0.32
225.99999999999997,0.32
225.99999999999997,0.32
225.99999999999997,0.24
225.99999999999997,0.24
229.99999999999997,0.24
229.99999999999997,0.24
229.99999999999997,0.16
229.99999999999997,0.16
225.99999999999997,0.08
229.99999999999997,0.08
229.99999999999997,0.08
229.99999999999997,0
229.99999999999997,0
225.99999999999997,0
225.99999999999997,0
225.99999999999997,0
229.99999999999997,-0.08
229.99999999999997,-0.08
229.99999999999997,-0.16
229.99999999999997,-0.16
229.99999999999997,-0.16
229.99999999999997,-0.24
229.99999999999997,-0.24
229.99999999999997,-0.32
229.99999999999997,-0.32
229.99999999999997,-0.32
229.99999999999997,-0.32
225.99999999999997,-0.32
225.99999999999997,-0.4
229.99999999999997,-0.4
225.99999999999997,-0.48
225.99999999999997,-0.48
229.99999999999997,-0.48
229.99999999999997,-0.48
229.99999999999997,-0.48
229.99999999999997,-0.48
229.99999999999997,-0.48
234,-0.48
229.99999999999997,-0.56
234,-0.56
229.99999999999997,-0.64
234,-0.64
234,-0.72
234,-0.8
229.99999999999997,-0.8
234,-0.72
234,-0.8
229.99999999999997,-0.8
229.99999999999997,-0.88
234,-0.88
229.99999999999997,-0.88
229.99999999999997,-0.88
234,-0.88
234,-0.96
234,-0.96
234,-0.96
234,-0.96
234,-1.04
234,-1.12
234,-1.12
234,-1.12
229.99999999999997,-1.12
229.99999999999997,-1.12
234,-1.12
229.99999999999997,-1.2
234,-1.2
234,-1.2
234,-1.2
234,-1.2
234,-1.2
238,-1.28
238,-1.28
238,-1.28
238,-1.36
238,-1.36
238,-1.36
238,-1.44
234,-1.44
238,-1.44
238,-1.52
238,-1.52
238,-1.52
234,-1.52
238,-1.52
238,-1.52
234,-1.6
234,-1.6
238,-1.6
238,-1.68
234,-1.68
234,-1.68
238,-1.68
234,-1.68
238,-1.76
234,-1.76
234,-1.76
238,-1.76
238,-1.76
234,-1.76
234,-1.84
238,-1.84
238,-1.84
238,-1.92
242,-1.92
242,-1.92
238,-1.92
242,-2
242,-2
242,-2
238,-2
242,-2
242,-2.08
242,-2.08
238,-2.08
238,-2.08
238,-2.16
242,-2.08
242,-2.16
242,-2.16
238,-2.08
242,-2.16
242,-2.16
242,-2.16
238,-2.16
238,-2.16
242,-2.24
242,-2.24
238,-2.24
238,-2.24
242,-2.32
242,-2.32
242,-2.32
238,-2.32
242,-2.32
242,-2.32
242,-2.32
242,-2.4
246,-2.4
246,-2.4
246,-2.4
246,-2.4
242,-2.4
242,-2.4
242,-2.48
246,-2.48
246,-2.48
242,-2.4
246,-2.48
246,-2.48
246,-2.48
246,-2.48
246,-2.48
246,-2.48
246,-2.48
242,-2.48
246,-2.48
246,-2.56
242,-2.56
246,-2.56
246,-2.56
242,-2.56
246,-2.56
246,-2.56
246,-2.56
246,-2.56
242,-2.56
246,-2.56
246,-2.64
250,-2.64
250,-2.64
246,-2.64
246,-2.64
250,-2.72
250,-2.72
250,-2.72
250,-2.64
250,-2.72
250,-2.72
250,-2.72
250,-2.72
250,-2.72
250,-2.64
246,-2.72
250,-2.72
250,-2.72
250,-2.72
246,-2.72
250,-2.72
250,-2.72
246,-2.72
250,-2.72
250,-2.72
250,-2.72
250,-2.72
250,-2.72
250,-2.72
250,-2.72
250,-2.72
250,-2.72
250,-2.72
250,-2.72
250,-2.8
254,-2.8
254,-2.8
250,-2.8
254,-2.8
254,-2.8
254,-2.8
254,-2.72
254,-2.72
254,-2.72
250,-2.72
250,-2.72
250,-2.72
254,-2.72
254,-2.72
254,-2.72
254,-2.72
254,-2.72
250,-2.72
254,-2.8
254,-2.72
250,-2.72
250,-2.72
254,-2.72
254,-2.72
250,-2.64
254,-2.64
254,-2.64
254,-2.64
250,-2.64
254,-2.64
254,-2.64
254,-2.64
254,-2.64
254,-2.64
258,-2.64
258,-2.64
258,-2.64
258,-2.64
258,-2.64
258,-2.64
258,-2.64
254,-2.56
258,-2.64
258,-2.56
258,-2.56
258,-2.56
254,-2.56
254,-2.56
258,-2.56
258,-2.48
258,-2.48
258,-2.4
254,-2.48
258,-2.4
254,-2.48
258,-2.4
258,-2.4
258,-2.4
258,-2.4
258,-2.4
254,-2.4
258,-2.4
258,-2.4
258,-2.4
258,-2.32
258,-2.32
262,-2.32
258,-2.32
262,-2.24
258,-2.24
258,-2.24
262,-2.24
258,-2.24
262,-2.24
262,-2.24
262,-2.24
262,-2.24
262,-2.16
262,-2.16
262,-2.16
258,-2.16
262,-2.16
262,-2.16
258,-2.16
262,-2.08
262,-2.08
262,-2.08
258,-2
262,-2
262,-2
262,-2
262,-2
258,-2
262,-2
262,-2
262,-2
262,-1.92
262,-1.92
262,-1.92
266,-1.84
262,-1.84
262,-1.84
266,-1.76
266,-1.76
266,-1.76
266,-1.76
266,-1.76
266,-1.76
262,-1.68
266,-1.68
266,-1.68
266,-1.68
262,-1.68
266,-1.6
266,-1.6
266,-1.6
262,-1.6
262,-1.6
266,-1.52
266,-1.52
266,-1.44
266,-1.44
262,-1.44
266,-1.44
266,-1.44
266,-1.36
266,-1.36
266,-1.36
266,-1.28
262,-1.28
266,-1.28
266,-1.28
266,-1.2
270,-1.2
266,-1.2
270,-1.2
270,-1.12
266,-1.12
270,-1.12
266,-1.04
270,-1.04
270,-1.04
270,-0.96
270,-0.96
270,-0.96
270,-0.96
270,-0.96
270,-0.96
270,-0.88
270,-0.88
266,-0.88
270,-0.8
266,-0.8
266,-0.8
270,-0.8
270,-0.72
270,-0.64
266,-0.64
266,-0.64
270,-0.64
270,-0.56
270,-0.56
266,-0.56
270,-0.48
270,-0.48
270,-0.48
270,-0.4
274,-0.4
274,-0.4
270,-0.4
274,-0.32
274,-0.32
274,-0.24
274,-0.24
274,-0.24
270,-0.24
274,-0.24
274,-0.24
274,-0.24
270,-0.16
274,-0.16
270,-0.08
274,-0.08
274,-0.08
274,0
274,0.08
274,0.08
270,0.08
274,0.08
274,0.16
274,0.16
274,0.16
270,0.16
274,0.24
274,0.24
274,0.32
274,0.32
274,0.32
274,0.4
278,0.4
278,0.48
278,0.48
278,0.48
278,0.48
278,0.48
278,0.48
278,0.48
278,0.48
278,0.5599999999999999
274,0.5599999999999999
278,0.64
278,0.64
274,0.64
274,0.72
278,0.72
278,0.72
278,0.8
274,0.8
274,0.8
278,0.8
274,0.88
278,0.88
278,0.88
278,0.96
278,1.04
274,1.04
278,1.04
278,1.04
278,1.1199999999999999
274,1.1199999999999999
278,1.1199999999999999
278,1.2
278,1.2
282,1.28
282,1.28
282,1.28
282,1.3599999999999999
282,1.3599999999999999
282,1.3599999999999999
282,1.3599999999999999
278,1.3599999999999999
278,1.44
282,1.44
282,1.44
282,1.44
282,1.44
278,1.52
278,1.52
282,1.52
278,1.6
282,1.6
278,1.6
282,1.68
282,1.76
282,1.76
278,1.76
278,1.76
278,1.8399999999999999
282,1.8399999999999999
282,1.8399999999999999
282,1.8399999999999999
282,1.8399999999999999
282,1.92
278,1.92
282,2
282,2
286,2
286,2
286,2.08
286,2
286,2.08
286,2.08
286,2.16
286,2.16
286,2.16
286,2.16
286,2.16
282,2.16
282,2.16
286,2.16
286,2.2399999999999998
286,2.2399999999999998
286,2.2399999999999998
286,2.2399999999999998
286,2.2399999999999998
286,2.2399999999999998
286,2.2399999999999998
286,2.32
286,2.32
286,2.4
286,2.4
286,2.4
286,2.48
282,2.48
286,2.48
286,2.48
286,2.56
286,2.56
286,2.56
290,2.56
286,2.56
290,2.48
290,2.56
290,2.64
286,2.64
290,2.64
290,2.64
290,2.64
290,2.7199999999999998
286,2.7199999999999998
290,2.7199999999999998
290,2.7199999999999998
290,2.7199999999999998
290,2.8000000000000003
290,2.8000000000000003
290,2.7199999999999998
286,2.8000000000000003
290,2.8000000000000003
286,2.8000000000000003
290,2.8000000000000003
290,2.88
290,2.88
286,2.88
290,2.88
290,2.88
290,2.96
290,2.96
290,2.96
290,2.96
290,2.96
290,3.04
290,3.04
290,3.04
290,3.04
294,3.04
294,3.04
294,3.04
294,3.04
294,3.04
294,3.04
294,3.04
294,3.04
294,3.04
294,3.1199999999999997
294,3.1199999999999997
294,3.1199999999999997
294,3.1199999999999997
294,3.2
294,3.2
294,3.2
294,3.2
294,3.2
294,3.2
294,3.2
294,3.2
294,3.2
294,3.2
294,3.2
290,3.2
294,3.2
294,3.2
294,3.2
294,3.2800000000000002
294,3.2800000000000002
294,3.2800000000000002
294,3.2
294,3.2
298,3.2800000000000002
298,3.2
298,3.2
298,3.2
298,3.2
298,3.2800000000000002
298,3.2800000000000002
298,3.2800000000000002
298,3.2800000000000002
298,3.2
298,3.2
298,3.2800000000000002
298,3.2800000000000002
298,3.2800000000000002
298,3.2800000000000002
298,3.2
298,3.2
298,3.2
298,3.2
298,3.2
294,3.2
298,3.2
298,3.2
298,3.1199999999999997
298,3.2
294,3.2
298,3.2
298,3.2
294,3.2
298,3.2
298,3.2
298,3.2800000000000002
298,3.2
302,3.2
298,3.2
302,3.1199999999999997
298,3.1199999999999997
302,3.1199999999999997
302,3.1199999999999997
302,3.1199999999999997
302,3.1199999999999997
302,3.1199999999999997
302,3.1199999999999997
302,3.1199999999999997
302,3.1199999999999997
298,3.04
302,3.1199999999999997
302,3.1199999999999997
302,3.1199999999999997
302,3.1199999999999997
302,3.1199999999999997
302,3.1199999999999997
302,3.1199999999999997
298,3.1199999999999997
302,3.1199999999999997
302,3.1199999999999997
302,3.04
302,3.04
302,3.04
302,3.04
302,3.04
302,3.04
302,2.96
302,2.96
302,2.96
302,2.96
306,2.96
306,2.96
306,3.04
306,2.96
306,2.96
306,2.96
302,2.96
306,2.88
306,2.88
306,2.88
302,2.8000000000000003
306,2.8000000000000003
306,2.8000000000000003
306,2.8000000000000003
306,2.8000000000000003
306,2.8000000000000003
302,2.8000000000000003
306,2.8000000000000003
306,2.8000000000000003
306,2.8000000000000003
306,2.7199999999999998
306,2.7199999999999998
302,2.7199999999999998
306,2.64
306,2.64
302,2.64
306,2.64
306,2.56
306,2.56
306,2.56
306,2.56
306,2.48
306,2.48
310,2.48
310,2.48
306,2.48
310,2.48
310,2.48
306,2.48
310,2.4
306,2.4
310,2.4
310,2.4
310,2.4
310,2.4
310,2.4
310,2.4
310,2.32
310,2.32
310,2.32
310,2.2399999999999998
310,2.2399999999999998
310,2.2399999999999998
310,2.2399999999999998
310,2.16
310,2.16
310,2.16
310,2.16
310,2.16
310,2.16
310,2.08
306,2.08
310,2.08
310,2.08
310,2.08
310,2
314,2
310,2
314,2
310,1.92
314,1.92
314,1.92
314,2
314,2
314,1.92
314,1.92
314,1.8399999999999999
314,1.8399999999999999
314,1.8399999999999999
310,1.8399999999999999
314,1.76
314,1.76
310,1.76
314,1.68
314,1.68
310,1.68
314,1.6
314,1.6
314,1.52
310,1.52
314,1.52
314,1.52
314,1.52
314,1.52
314,1.44
314,1.44
314,1.44
314,1.44
314,1.44
314,1.3599999999999999
314,1.3599999999999999
318,1.28
318,1.28
318,1.28
318,1.28
318,1.28
318,1.2
318,1.2
314,1.2
318,1.2
318,1.1199999999999999
318,1.1199999999999999
318,1.1199999999999999
318,1.1199999999999999
314,1.1199999999999999
318,1.04
318,0.96
314,1.04
314,0.96
318,0.96
318,0.96
318,0.96
318,0.96
318,0.88
318,0.88
314,0.88
318,0.8
318,0.8
318,0.8
314,0.8
318,0.72
318,0.72
318,0.72
318,0.72
318,0.64
322,0.5599999999999999
322,0.5599999999999999
322,0.5599999999999999
322,0.5599999999999999
322,0.48
322,0.48
322,0.48
322,0.48
322,0.4
322,0.4
322,0.32
322,0.32
318,0.32
322,0.32
322,0.32
322,0.32
318,0.24
322,0.24
322,0.16
322,0.16
322,0.16
322,0.16
322,0.08
322,0.08
322,0
322,0
322,0
322,-0.08
322,-0.08
322,-0.08
322,-0.08
322,-0.08
326,-0.16
326,-0.16
326,-0.24
326,-0.16
326,-0.24
326,-0.24
326,-0.32
326,-0.32
326,-0.32
326,-0.32
326,-0.4
326,-0.4
326,-0.4
326,-0.4
326,-0.4
326,-0.48
326,-0.48
326,-0.48
326,-0.56
326,-0.56
326,-0.56
326,-0.64
326,-0.64
326,-0.64
326,-0.64
326,-0.64
326,-0.72
326,-0.72
326,-0.72
326,-0.8
326,-0.8
326,-0.8
330,-0.8
326,-0.88
330,-0.88
330,-0.88
330,-0.96
330,-0.88
330,-0.96
330,-0.96
330,-1.04
330,-1.04
330,-1.04
330,-1.04
330,-1.12
330,-1.12
330,-1.12
330,-1.12
330,-1.2
330,-1.2
330,-1.28
330,-1.28
330,-1.28
330,-1.28
330,-1.28
330,-1.36
330,-1.36
330,-1.36
330,-1.36
330,-1.44
330,-1.44
330,-1.44
330,-1.44
330,-1.44
330,-1.44
334,-1.52
330,-1.44
330,-1.52
334,-1.52
334,-1.6
334,-1.6
334,-1.68
334,-1.68
334,-1.68
334,-1.68
334,-1.68
334,-1.68
334,-1.68
334,-1.68
334,-1.76
334,-1.76
334,-1.76
334,-1.76
334,-1.84
334,-1.84
334,-1.84
334,-1.84
334,-1.84
334,-1.92
334,-1.92
334,-1.92
334,-1.92
334,-2
334,-2
334,-2
334,-2
334,-2.08
334,-2
334,-2.08
334,-2.08
338,-2.08
334,-2.08
338,-2.16
338,-2.16
338,-2.16
338,-2.16
338,-2.16
338,-2.16
338,-2.24
338,-2.24
338,-2.24
338,-2.24
338,-2.24
338,-2.24
338,-2.24
338,-2.24
338,-2.24
338,-2.24
338,-2.16
338,-2.24
338,-2.24
338,-2.32
338,-2.32
338,-2.32
338,-2.32
338,-2.4
338,-2.4
338,-2.4
338,-2.4
338,-2.48
338,-2.48
338,-2.48
338,-2.4
338,-2.48
342,-2.48
342,-2.48
342,-2.56
338,-2.48
342,-2.56
342,-2.56
342,-2.56
342,-2.56
342,-2.64
342,-2.64
342,-2.56
342,-2.64
342,-2.64
342,-2.56
342,-2.64
342,-2.64
342,-2.64
342,-2.64
342,-2.56
342,-2.64
342,-2.64
342,-2.64
342,-2.64
342,-2.72
342,-2.72
342,-2.72
342,-2.72
342,-2.72
342,-2.72
342,-2.72
342,-2.72
342,-2.72
342,-2.72
346,-2.72
346,-2.72
346,-2.72
346,-2.8
346,-2.72
346,-2.8
346,-2.72
346,-2.72
346,-2.72
346,-2.72
346,-2.72
346,-2.72
346,-2.8
346,-2.72
346,-2.72
346,-2.72
346,-2.72
346,-2.72
346,-2.72
346,-2.72
346,-2.72
346,-2.72
346,-2.72
346,-2.72
346,-2.72
346,-2.8
346,-2.8
346,-2.8
346,-2.8
346,-2.8
346,-2.8
346,-2.8
346,-2.8
346,-2.8
350,-2.8
346,-2.72
350,-2.72
350,-2.72
350,-2.72
350,-2.72
350,-2.72
350,-2.72
350,-2.72
350,-2.72
350,-2.72
350,-2.72
350,-2.72
350,-2.72
350,-2.72
350,-2.72
350,-2.72
350,-2.64
350,-2.64
350,-2.72
350,-2.64
350,-2.64
350,-2.64
350,-2.64
350,-2.64
350,-2.64
350,-2.64
350,-2.56
350,-2.56
350,-2.56
350,-2.56
350,-2.56
350,-2.56
354,-2.56
354,-2.48
354,-2.48
354,-2.48
354,-2.48
354,-2.48
354,-2.48
354,-2.48
354,-2.4
354,-2.4
354,-2.4
354,-2.4
354,-2.4
354,-2.4
354,-2.4
354,-2.4
354,-2.4
354,-2.4
354,-2.32
354,-2.4
354,-2.4
354,-2.4
354,-2.32
354,-2.32
354,-2.32
354,-2.32
354,-2.32
354,-2.32
354,-2.24
354,-2.24
354,-2.16
354,-2.16
354,-2.16
354,-2.16
358,-2.16
358,-2.16
358,-2.16
358,-2.16
358,-2.16
358,-2.16
358,-2.08
358,-2.08
358,-2
358,-2
358,-2
358,-2
358,-2
358,-1.92
358,-1.92
358,-1.92
358,-1.92
358,-1.84
358,-1.84
358,-1.84
358,-1.84
358,-1.84
358,-1.76
358,-1.76
358,-1.76
358,-1.76
358,-1.76
358,-1.68
358,-1.68
358,-1.68
358,-1.6
358,-1.6
362,-1.6
358,-1.6
358,-1.52
362,-1.52
362,-1.52
362,-1.44
362,-1.44
362,-1.44
362,-1.36
362,-1.36
362,-1.36
362,-1.36
362,-1.28
362,-1.28
362,-1.28
362,-1.28
362,-1.2
362,-1.2
362,-1.2
362,-1.2
362,-1.2
362,-1.12
362,-1.12
362,-1.12
362,-1.04
362,-1.04
362,-1.04
362,-0.96
362,-0.96
362,-0.96
362,-0.96
362,-0.96
362,-0.88
362,-0.88
366,-0.88
362,-0.88
366,-0.8
366,-0.8
366,-0.8
366,-0.72
366,-0.72
366,-0.72
366,-0.64
366,-0.64
366,-0.64
366,-0.64
366,-0.56
366,-0.56
366,-0.48
366,-0.48
366,-0.48
366,-0.4
366,-0.4
366,-0.4
366,-0.4
366,-0.32
366,-0.32
366,-0.24
366,-0.24
366,-0.24
366,-0.16
366,-0.16
366,-0.16
366,-0.08
366,-0.08
366,-0.08
366,-0.08
366,0
366,0
370,0
366,0
370,0.08
370,0.16
370,0.16
370,0.16
370,0.24
370,0.24
370,0.32
370,0.32
370,0.32
370,0.32
370,0.4
370,0.4
370,0.4
370,0.48
370,0.48
370,0.48
370,0.5599999999999999
370,0.5599999999999999
370,0.5599999999999999
370,0.5599999999999999
370,0.64
370,0.64
370,0.64
370,0.64
370,0.72
370,0.72
370,0.72
370,0.8
370,0.8
374,0.8
374,0.88
374,0.88
374,0.88
374,0.96
374,0.96
374,0.96
374,1.04
374,1.04
374,1.1199999999999999
374,1.1199999999999999
374,1.2
374,1.2
374,1.2
374,1.28
374,1.28
374,1.28
374,1.28
374,1.3599999999999999
374,1.3599999999999999
374,1.3599999999999999
374,1.3599999999999999
374,1.3599999999999999
374,1.44
374,1.44
374,1.44
374,1.44
374,1.44
374,1.52
374,1.6
374,1.68
374,1.68
374,1.68
374,1.68
374,1.68
378,1.68
374,1.76
378,1.8399999999999999
378,1.8399999999999999
378,1.8399999999999999
378,1.8399999999999999
378,1.8399999999999999
378,1.8399999999999999
378,1.92
378,1.92
378,1.92
378,1.92
378,2
378,2
378,2.08
378,2.08
378,2.16
378,2.16
378,2.16
378,2.16
378,2.16
378,2.16
378,2.2399999999999998
378,2.2399999999999998
378,2.2399999999999998
378,2.32
378,2.32
378,2.32
378,2.32
378,2.4
378,2.32
378,2.32
378,2.4
378,2.4
378,2.48
382,2.48
382,2.48
382,2.48
382,2.48
382,2.48
382,2.48
382,2.48
382,2.56
382,2.56
382,2.56
382,2.64
382,2.64
382,2.64
382,2.64
382,2.7199999999999998
382,2.7199999999999998
382,2.7199999999999998
382,2.7199999999999998
382,2.7199999999999998
382,2.7199999999999998
382,2.8000000000000003
382,2.8000000000000003
382,2.8000000000000003
382,2.8000000000000003
382,2.8000000000000003
382,2.8000000000000003
382,2.88
382,2.88
382,2.96
382,2.96
382,2.96
386,3.04
386,2.96
386,3.04
386,3.04
386,3.04
386,3.04
386,3.04
386,3.1199999999999997
386,3.1199999999999997
386,3.1199999999999997
386,3.1199999999999997
386,3.1199999999999997
386,3.04
386,3.1199999999999997
386,3.1199999999999997
386,3.1199999999999997
386,3.1199999999999997
386,3.2
386,3.2
386,3.2
386,3.2
386,3.2
386,3.2
386,3.2
386,3.2
386,3.2
386,3.2
386,3.2
386,3.2
386,3.2
386,3.2
386,3.2
386,3.2
386,3.2800000000000002
390,3.2800000000000002
390,3.2800000000000002
390,3.2800000000000002
390,3.2800000000000002
390,3.2800000000000002
390,3.2800000000000002
390,3.2800000000000002
390,3.2800000000000002
390,3.2800000000000002
390,3.2800000000000002
390,3.2800000000000002
390,3.2800000000000002
390,3.36
390,3.36
390,3.2800000000000002
390,3.2800000000000002
390,3.2800000000000002
390,3.2800000000000002
390,3.2800000000000002
390,3.36
390,3.36
390,3.36
390,3.44
390,3.44
390,3.44
390,3.36
390,3.36
390,3.36
390,3.36
390,3.36
390,3.36
390,3.36
390,3.36
390,3.36
394,3.36
394,3.36
394,3.36
390,3.36
394,3.36
394,3.36
394,3.36
394,3.36
394,3.36
394,3.36
394,3.36
394,3.36
394,3.36
394,3.36
394,3.36
394,3.36
394,3.36
394,3.2800000000000002
394,3.36
394,3.2800000000000002
394,3.2800000000000002
394,3.2800000000000002
394,3.2800000000000002
394,3.2800000000000002
394,3.2800000000000002
394,3.2800000000000002
394,3.2800000000000002
394,3.2800000000000002
394,3.2800000000000002
394,3.2800000000000002
394,3.2800000000000002
394,3.2
394,3.2
398,3.2800000000000002
394,3.2
398,3.2
398,3.2
398,3.2
398,3.1199999999999997
398,3.1199999999999997
398,3.1199999999999997
398,3.1199999999999997
398,3.1199999999999997
398,3.2
398,3.1199999999999997
398,3.1199999999999997
398,3.1199999999999997
398,3.1199999999999997
398,3.04
398,3.04
398,3.04
398,3.04
398,3.04
398,3.04
398,3.04
398,2.96
398,3.04
398,3.04
398,3.04
398,3.04
398,3.04
398,2.96
398,2.96
398,2.96
398,2.96
398,2.96
398,2.96
401.99999999999994,2.88
401.99999999999994,2.88
401.99999999999994,2.88
401.99999999999994,2.88
401.99999999999994,2.8000000000000003
401.99999999999994,2.8000000000000003
401.99999999999994,2.8000000000000003
401.99999999999994,2.8000000000000003
401.99999999999994,2.7199999999999998
401.99999999999994,2.7199999999999998
401.99999999999994,2.7199999999999998
401.99999999999994,2.7199999999999998
401.99999999999994,2.7199999999999998
401.99999999999994,2.7199999999999998
401.99999999999994,2.7199999999999998
401.99999999999994,2.64
401.99999999999994,2.64
401.99999999999994,2.64
401.99999999999994,2.64
401.99999999999994,2.56
401.99999999999994,2.56
401.99999999999994,2.48
401.99999999999994,2.48
401.99999999999994,2.48
401.99999999999994,2.48
401.99999999999994,2.48
401.99999999999994,2.48
401.99999999999994,2.48
401.99999999999994,2.48
401.99999999999994,2.48
401.99999999999994,2.48
401.99999999999994,2.4
401.99999999999994,2.4
401.99999999999994,2.4
405.99999999999994,2.4
405.99999999999994,2.4
401.99999999999994,2.32
405.99999999999994,2.32
405.99999999999994,2.32
405.99999999999994,2.2399999999999998
405.99999999999994,2.2399999999999998
405.99999999999994,2.16
405.99999999999994,2.16
405.99999999999994,2.16
405.99999999999994,2.16
405.99999999999994,2.16
405.99999999999994,2.16
405.99999999999994,2.08
405.99999999999994,2.08
405.99999999999994,2.08
405.99999999999994,2.08
405.99999999999994,2
405.99999999999994,2
405.99999999999994,2
405.99999999999994,1.92
405.99999999999994,1.92
405.99999999999994,1.92
405.99999999999994,1.92
405.99999999999994,1.8399999999999999
405.99999999999994,1.8399999999999999
405.99999999999994,1.8399999999999999
405.99999999999994,1.8399999999999999
405.99999999999994,1.8399999999999999
405.99999999999994,1.8399999999999999
405.99999999999994,1.8399999999999999
405.99999999999994,1.76
405.99999999999994,1.76
405.99999999999994,1.68
405.99999999999994,1.68
405.99999999999994,1.6
405.99999999999994,1.6
409.99999999999994,1.6
409.99999999999994,1.52
409.99999999999994,1.52
409.99999999999994,1.52
409.99999999999994,1.44
409.99999999999994,1.44
409.99999999999994,1.44
409.99999999999994,1.44
409.99999999999994,1.3599999999999999
409.99999999999994,1.3599999999999999
409.99999999999994,1.3599999999999999
409.99999999999994,1.3599999999999999
409.99999999999994,1.28
409.99999999999994,1.28
409.99999999999994,1.28
409.99999999999994,1.28
409.99999999999994,1.28
409.99999999999994,1.2
409.99999999999994,1.2
409.99999999999994,1.2
409.99999999999994,1.1199999999999999
409.99999999999994,1.1199999999999999
409.99999999999994,1.1199999999999999
409.99999999999994,1.1199999999999999
409.99999999999994,1.04
409.99999999999994,1.04
409.99999999999994,1.04
409.99999999999994,1.04
409.99999999999994,0.96
409.99999999999994,0.96
409.99999999999994,0.88
409.99999999999994,0.88
409.99999999999994,0.8
413.99999999999994,0.8
413.99999999999994,0.8
413.99999999999994,0.8
413.99999999999994,0.72
413.99999999999994,0.8
413.99999999999994,0.72
413.99999999999994,0.72
413.99999999999994,0.72
413.99999999999994,0.64
413.99999999999994,0.64
413.99999999999994,0.64
413.99999999999994,0.5599999999999999
413.99999999999994,0.5599999999999999
413.99999999999994,0.5599999999999999
413.99999999999994,0.48
413.99999999999994,0.48
413.99999999999994,0.48
413.99999999999994,0.48
413.99999999999994,0.4
413.99999999999994,0.4
413.99999999999994,0.4
413.99999999999994,0.4
413.99999999999994,0.32
413.99999999999994,0.32
413.99999999999994,0.32
413.99999999999994,0.24
413.99999999999994,0.24
413.99999999999994,0.24
413.99999999999994,0.24
413.99999999999994,0.24
413.99999999999994,0.24
413.99999999999994,0.16
418,0.16
413.99999999999994,0.16
413.99999999999994,0.16
418,0.16
413.99999999999994,0.08
418,0
418,0
418,-0.08
418,0
418,-0.08
418,-0.08
418,-0.08
418,-0.08
418,-0.16
418,-0.16
418,-0.08
418,-0.16
418,-0.24
418,-0.24
418,-0.32
418,-0.32
418,-0.32
418,-0.32
418,-0.32
418,-0.4
418,-0.4
418,-0.4
418,-0.4
418,-0.4
418,-0.4
418,-0.4
418,-0.48
418,-0.48
418,-0.56
418,-0.64
418,-0.64
418,-0.64
418,-0.72
418,-0.72
422,-0.72
418,-0.72
422,-0.8
422,-0.72
422,-0.72
422,-0.8
422,-0.8
422,-0.8
422,-0.88
422,-0.88
422,-0.88
422,-0.88
422,-0.96
422,-0.96
422,-0.96
422,-1.04
422,-0.96
422,-0.96
422,-1.04
422,-1.04
422,-1.04
422,-1.12
422,-1.12
422,-1.12
422,-1.12
422,-1.2
422,-1.2
422,-1.12
422,-1.2
422,-1.2
422,-1.2
422,-1.28
422,-1.28
422,-1.28
422,-1.36
422,-1.36
426,-1.36
422,-1.36
426,-1.44
426,-1.44
426,-1.44
426,-1.44
426,-1.52
426,-1.44
426,-1.44
426,-1.52
426,-1.52
426,-1.52
426,-1.6
426,-1.6
426,-1.6
426,-1.6
426,-1.68
426,-1.6
426,-1.6
426,-1.68
426,-1.68
426,-1.6
426,-1.68
426,-1.76
426,-1.76
426,-1.76
426,-1.76
426,-1.76
426,-1.84
426,-1.84
426,-1.84
426,-1.84
426,-1.92
426,-1.92
426,-1.92
426,-1.92
426,-1.92
430,-1.92
430,-1.92
430,-2
430,-2
430,-2
430,-2
430,-2
430,-2
430,-2
430,-2.08
430,-2.08
430,-2.08
430,-2.08
430,-2.08
430,-2.08
430,-2.08
430,-2.16
430,-2.16
434,-2.16
430,-2.24
430,-2.24
430,-2.24
430,-2.24
430,-2.32
430,-2.24
430,-2.32
430,-2.32
430,-2.32
430,-2.32
430,-2.32
430,-2.32
430,-2.32
430,-2.32
430,-2.4
434,-2.4
430,-2.4
430,-2.4
434,-2.4
434,-2.4
434,-2.4
434,-2.4
434,-2.4
438,-2.4
434,-2.4
434,-2.32
438,-2.4
438,-2.4
434,-2.4
438,-2.4
434,-2.4
438,-2.48
434,-2.48
434,-2.48
438,-2.48
434,-2.4
434,-2.4
438,-2.48
434,-2.48
434,-2.4
434,-2.4
438,-2.48
438,-2.48
434,-2.48
434,-2.48
438,-2.48
434,-2.48
434,-2.56
434,-2.56
438,-2.56
434,-2.56
438,-2.48
434,-2.4
434,-2.32
434,-2.4
434,-2.32
438,-2.4
434,-2.4
438,-2.4
434,-2.4
434,-2.4
438,-2.4
434,-2.4
438,-2.4
434,-2.48
438,-2.4
434,-2.4
434,-2.48
434,-2.48
438,-2.4
434,-2.4
434,-2.4
434,-2.4
434,-2.4
434,-2.4
430,-2.4
430,-2.4
430,-2.32
430,-2.4
430,-2.32
430,-2.24
430,-2.24
430,-2.24
430,-2.24
430,-2.24
430,-2.24
430,-2.24
430,-2.24
434,-2.24
430,-2.24
430,-2.24
430,-2.24
430,-2.16
430,-2.16
430,-2.16
430,-2.08
430,-2.08
430,-2.08
430,-2.16
430,-2.08
430,-2.08
430,-2.08
426,-2.08
426,-2
426,-2
426,-2
426,-2
426,-2
426,-2
426,-1.92
426,-1.92
426,-1.92
426,-1.84
426,-1.84
426,-1.84
426,-1.84
426,-1.76
426,-1.76
426,-1.76
426,-1.76
426,-1.68
430,-1.68
426,-1.68
426,-1.6
426,-1.68
426,-1.68
426,-1.6
426,-1.6
426,-1.6
422,-1.52
426,-1.52
422,-1.52
422,-1.44
422,-1.44
422,-1.44
422,-1.44
422,-1.36
422,-1.44
422,-1.36
422,-1.36
422,-1.36
422,-1.36
422,-1.28
422,-1.2
422,-1.2
422,-1.2
422,-1.12
422,-1.12
422,-1.12
422,-1.12
422,-1.04
422,-1.04
422,-1.04
422,-0.96
422,-0.96
422,-0.96
422,-0.96
422,-0.96
422,-0.96
422,-0.88
418,-0.88
418,-0.88
418,-0.8
418,-0.8
418,-0.72
418,-0.72
418,-0.64
418,-0.64
418,-0.64
418,-0.64
418,-0.56
418,-0.56
418,-0.56
418,-0.48
418,-0.48
418,-0.48
418,-0.4
418,-0.4
418,-0.4
418,-0.4
418,-0.32
418,-0.32
418,-0.32
418,-0.24
418,-0.24
418,-0.24
418,-0.24
418,-0.16
413.99999999999994,-0.16
413.99999999999994,-0.16
413.99999999999994,-0.08
413.99999999999994,-0.08
418,0
413.99999999999994,0
413.99999999999994,0
413.99999999999994,0
413.99999999999994,0
413.99999999999994,0.08
413.99999999999994,0.08
413.99999999999994,0.08
413.99999999999994,0.16
413.99999999999994,0.24
413.99999999999994,0.24
413.99999999999994,0.32
413.99999999999994,0.32
413.99999999999994,0.32
413.99999999999994,0.32
413.99999999999994,0.4
413.99999999999994,0.4
413.99999999999994,0.4
413.99999999999994,0.48
413.99999999999994,0.48
413.99999999999994,0.48
413.99999999999994,0.48
413.99999999999994,0.5599999999999999
413.99999999999994,0.5599999999999999
413.99999999999994,0.64
409.99999999999994,0.64
413.99999999999994,0.64
409.99999999999994,0.64
413.99999999999994,0.64
413.99999999999994,0.72
409.99999999999994,0.72
409.99999999999994,0.72
409.99999999999994,0.8
409.99999999999994,0.8
409.99999999999994,0.8
409.99999999999994,0.88
409.99999999999994,0.88
409.99999999999994,0.96
409.99999999999994,0.96
409.99999999999994,0.96
409.99999999999994,1.04
409.99999999999994,1.04
409.99999999999994,1.1199999999999999
409.99999999999994,1.1199999999999999
409.99999999999994,1.1199999999999999
409.99999999999994,1.2
409.99999999999994,1.2
409.99999999999994,1.2
409.99999999999994,1.2
409.99999999999994,1.2
409.99999999999994,1.28
409.99999999999994,1.28
409.99999999999994,1.3599999999999999
409.99999999999994,1.28
405.99999999999994,1.3599999999999999
409.99999999999994,1.44
405.99999999999994,1.44
405.99999999999994,1.44
405.99999999999994,1.52
409.99999999999994,1.52
405.99999999999994,1.52
405.99999999999994,1.6
405.99999999999994,1.6
405.99999999999994,1.6
405.99999999999994,1.68
405.99999999999994,1.68
405.99999999999994,1.68
405.99999999999994,1.68
405.99999999999994,1.76
405.99999999999994,1.8399999999999999
405.99999999999994,1.8399999999999999
405.99999999999994,1.8399999999999999
405.99999999999994,1.92
405.99999999999994,1.8399999999999999