Record Length,Analog:2800
Sample Interval,CH1:0.0000099999997 CH2:0.0000099999997
Vertical Units,CH1:V CH2:V,,,
Vertical Scale,CH1:1.00 CH2:1.00,,,
Vertical Offset,CH1:0.12000 CH2:-0.62000,,,
Horizontal Units,us,,,
Horizontal Scale,5000.0000000000,,,
Model Number,T3DSO1204 ,,,
Serial Number,T0101C19080606,,,
Software Version,8.1.6.1.26,,,
Source,CH1,CH2
Second,Volt,Volt
 0.04200000000,-3.80000,-3.34000
 0.04201000000,-3.80000,-3.38000
 0.04202000000,-3.84000,-3.38000
 0.04203000000,-3.80000,-3.38000
 0.04204000000,-3.88000,-3.42000
 0.04205000000,-3.88000,-3.38000
 0.04206000000,-3.88000,-3.38000
 0.04207000000,-3.88000,-3.38000
 0.04208000000,-3.88000,-3.38000
 0.04209000000,-3.88000,-3.38000
 0.04210000000,-3.88000,-3.38000
 0.04211000000,-3.84000,-3.38000
 0.04212000000,-3.88000,-3.38000
 0.04213000000,-3.88000,-3.42000
 0.04214000000,-3.84000,-3.42000
 0.04215000000,-3.88000,-3.42000
 0.04216000000,-3.92000,-3.46000
 0.04217000000,-3.88000,-3.42000
 0.04218000000,-3.92000,-3.46000
 0.04219000000,-3.92000,-3.46000
 0.04220000000,-3.92000,-3.42000
 0.04221000000,-3.88000,-3.42000
 0.04222000000,-3.92000,-3.42000
 0.04223000000,-3.88000,-3.42000
 0.04224000000,-3.92000,-3.42000
 0.04225000000,-3.92000,-3.42000
 0.04226000000,-3.88000,-3.42000
 0.04227000000,-3.88000,-3.42000
 0.04228000000,-3.96000,-3.50000
 0.04229000000,-3.96000,-3.50000
 0.04230000000,-3.96000,-3.46000
 0.04231000000,-3.96000,-3.50000
 0.04232000000,-3.96000,-3.46000
 0.04233000000,-3.96000,-3.46000
 0.04234000000,-3.96000,-3.46000
 0.04235000000,-3.96000,-3.50000
 0.04236000000,-3.96000,-3.50000
 0.04237000000,-4.00000,-3.46000
 0.04238000000,-4.00000,-3.50000
 0.04239000000,-4.00000,-3.46000
 0.04240000000,-4.00000,-3.50000
 0.04241000000,-4.00000,-3.54000
 0.04242000000,-3.96000,-3.54000
 0.04243000000,-4.00000,-3.50000
 0.04244000000,-4.00000,-3.50000
 0.04245000000,-3.96000,-3.50000
 0.04246000000,-4.00000,-3.50000
 0.04247000000,-4.00000,-3.50000
 0.04248000000,-4.00000,-3.50000
 0.04249000000,-4.00000,-3.54000
 0.04250000000,-4.00000,-3.54000
 0.04251000000,-4.04000,-3.54000
 0.04252000000,-4.04000,-3.50000
 0.04253000000,-4.04000,-3.54000
 0.04254000000,-4.00000,-3.50000
 0.04255000000,-4.04000,-3.54000
 0.04256000000,-4.00000,-3.54000
 0.04257000000,-4.04000,-3.54000
 0.04258000000,-4.00000,-3.54000
 0.04259000000,-4.04000,-3.58000
 0.04260000000,-4.04000,-3.54000
 0.04261000000,-4.00000,-3.54000
 0.04262000000,-4.08000,-3.58000
 0.04263000000,-4.04000,-3.58000
 0.04264000000,-4.04000,-3.54000
 0.04265000000,-4.04000,-3.54000
 0.04266000000,-4.08000,-3.54000
 0.04267000000,-4.08000,-3.54000
 0.04268000000,-4.08000,-3.54000
 0.04269000000,-4.08000,-3.58000
 0.04270000000,-4.08000,-3.62000
 0.04271000000,-4.08000,-3.58000
 0.04272000000,-4.08000,-3.62000
 0.04273000000,-4.08000,-3.58000
 0.04274000000,-4.08000,-3.58000
 0.04275000000,-4.12000,-3.58000
 0.04276000000,-4.08000,-3.58000
 0.04277000000,-4.12000,-3.58000
 0.04278000000,-4.12000,-3.58000
 0.04279000000,-4.12000,-3.58000
 0.04280000000,-4.12000,-3.62000
 0.04281000000,-4.12000,-3.58000
 0.04282000000,-4.12000,-3.62000
 0.04283000000,-4.08000,-3.62000
 0.04284000000,-4.16000,-3.66000
 0.04285000000,-4.12000,-3.58000
 0.04286000000,-4.16000,-3.66000
 0.04287000000,-4.16000,-3.62000
 0.04288000000,-4.16000,-3.66000
 0.04289000000,-4.12000,-3.62000
 0.04290000000,-4.12000,-3.62000
 0.04291000000,-4.16000,-3.66000
 0.04292000000,-4.16000,-3.66000
 0.04293000000,-4.16000,-3.66000
 0.04294000000,-4.16000,-3.62000
 0.04295000000,-4.16000,-3.66000
 0.04296000000,-4.20000,-3.62000
 0.04297000000,-4.12000,-3.62000
 0.04298000000,-4.20000,-3.70000
 0.04299000000,-4.20000,-3.66000
 0.04300000000,-4.16000,-3.62000
 0.04301000000,-4.20000,-3.66000
 0.04302000000,-4.16000,-3.70000
 0.04303000000,-4.20000,-3.66000
 0.04304000000,-4.20000,-3.66000
 0.04305000000,-4.20000,-3.70000
 0.04306000000,-4.16000,-3.66000
 0.04307000000,-4.16000,-3.66000
 0.04308000000,-4.16000,-3.70000
 0.04309000000,-4.24000,-3.66000
 0.04310000000,-4.24000,-3.70000
 0.04311000000,-4.20000,-3.66000
 0.04312000000,-4.24000,-3.70000
 0.04313000000,-4.20000,-3.70000
 0.04314000000,-4.20000,-3.74000
 0.04315000000,-4.24000,-3.70000
 0.04316000000,-4.24000,-3.70000
 0.04317000000,-4.20000,-3.74000
 0.04318000000,-4.24000,-3.74000
 0.04319000000,-4.20000,-3.70000
 0.04320000000,-4.20000,-3.74000
 0.04321000000,-4.24000,-3.70000
 0.04322000000,-4.28000,-3.74000
 0.04323000000,-4.28000,-3.70000
 0.04324000000,-4.28000,-3.70000
 0.04325000000,-4.28000,-3.70000
 0.04326000000,-4.24000,-3.74000
 0.04327000000,-4.28000,-3.74000
 0.04328000000,-4.24000,-3.74000
 0.04329000000,-4.24000,-3.78000
 0.04330000000,-4.28000,-3.78000
 0.04331000000,-4.28000,-3.74000
 0.04332000000,-4.24000,-3.74000
 0.04333000000,-4.32000,-3.74000
 0.04334000000,-4.28000,-3.74000
 0.04335000000,-4.32000,-3.74000
 0.04336000000,-4.28000,-3.74000
 0.04337000000,-4.28000,-3.74000
 0.04338000000,-4.28000,-3.78000
 0.04339000000,-4.32000,-3.74000
 0.04340000000,-4.28000,-3.78000
 0.04341000000,-4.32000,-3.74000
 0.04342000000,-4.28000,-3.74000
 0.04343000000,-4.32000,-3.78000
 0.04344000000,-4.32000,-3.82000
 0.04345000000,-4.28000,-3.74000
 0.04346000000,-4.28000,-3.78000
 0.04347000000,-4.32000,-3.78000
 0.04348000000,-4.32000,-3.78000
 0.04349000000,-4.32000,-3.74000
 0.04350000000,-4.32000,-3.74000
 0.04351000000,-4.28000,-3.74000
 0.04352000000,-4.32000,-3.74000
 0.04353000000,-4.28000,-3.78000
 0.04354000000,-4.28000,-3.74000
 0.04355000000,-4.28000,-3.74000
 0.04356000000,-4.28000,-3.78000
 0.04357000000,-4.28000,-3.78000
 0.04358000000,-4.24000,-3.70000
 0.04359000000,-4.24000,-3.70000
 0.04360000000,-4.28000,-3.74000
 0.04361000000,-4.28000,-3.74000
 0.04362000000,-4.28000,-3.74000
 0.04363000000,-4.28000,-3.74000
 0.04364000000,-4.28000,-3.70000
 0.04365000000,-4.20000,-3.74000
 0.04366000000,-4.24000,-3.74000
 0.04367000000,-4.24000,-3.70000
 0.04368000000,-4.24000,-3.70000
 0.04369000000,-4.24000,-3.70000
 0.04370000000,-4.24000,-3.66000
 0.04371000000,-4.24000,-3.70000
 0.04372000000,-4.24000,-3.66000
 0.04373000000,-4.24000,-3.66000
 0.04374000000,-4.24000,-3.66000
 0.04375000000,-4.20000,-3.66000
 0.04376000000,-4.16000,-3.66000
 0.04377000000,-4.20000,-3.66000
 0.04378000000,-4.16000,-3.70000
 0.04379000000,-4.20000,-3.66000
 0.04380000000,-4.20000,-3.70000
 0.04381000000,-4.20000,-3.66000
 0.04382000000,-4.20000,-3.70000
 0.04383000000,-4.20000,-3.62000
 0.04384000000,-4.20000,-3.62000
 0.04385000000,-4.16000,-3.66000
 0.04386000000,-4.16000,-3.62000
 0.04387000000,-4.16000,-3.62000
 0.04388000000,-4.16000,-3.62000
 0.04389000000,-4.16000,-3.66000
 0.04390000000,-4.12000,-3.66000
 0.04391000000,-4.12000,-3.66000
 0.04392000000,-4.16000,-3.62000
 0.04393000000,-4.12000,-3.66000
 0.04394000000,-4.12000,-3.62000
 0.04395000000,-4.16000,-3.62000
 0.04396000000,-4.12000,-3.62000
 0.04397000000,-4.08000,-3.62000
 0.04398000000,-4.08000,-3.62000
 0.04399000000,-4.08000,-3.58000
 0.04400000000,-4.12000,-3.58000
 0.04401000000,-4.12000,-3.58000
 0.04402000000,-4.12000,-3.58000
 0.04403000000,-4.12000,-3.58000
 0.04404000000,-4.08000,-3.58000
 0.04405000000,-4.08000,-3.62000
 0.04406000000,-4.12000,-3.58000
 0.04407000000,-4.04000,-3.58000
 0.04408000000,-4.08000,-3.54000
 0.04409000000,-4.04000,-3.54000
 0.04410000000,-4.08000,-3.58000
 0.04411000000,-4.08000,-3.54000
 0.04412000000,-4.04000,-3.54000
 0.04413000000,-4.04000,-3.54000
 0.04414000000,-4.08000,-3.54000
 0.04415000000,-4.08000,-3.58000
 0.04416000000,-4.04000,-3.58000
 0.04417000000,-4.04000,-3.54000
 0.04418000000,-4.04000,-3.54000
 0.04419000000,-4.04000,-3.58000
 0.04420000000,-4.04000,-3.54000
 0.04421000000,-4.00000,-3.50000
 0.04422000000,-4.04000,-3.50000
 0.04423000000,-4.00000,-3.54000
 0.04424000000,-4.04000,-3.50000
 0.04425000000,-4.04000,-3.50000
 0.04426000000,-4.04000,-3.50000
 0.04427000000,-4.00000,-3.50000
 0.04428000000,-3.96000,-3.50000
 0.04429000000,-4.00000,-3.50000
 0.04430000000,-4.00000,-3.54000
 0.04431000000,-4.00000,-3.50000
 0.04432000000,-4.00000,-3.50000
 0.04433000000,-4.00000,-3.46000
 0.04434000000,-4.00000,-3.46000
 0.04435000000,-3.96000,-3.50000
 0.04436000000,-3.96000,-3.50000
 0.04437000000,-3.96000,-3.50000
 0.04438000000,-3.96000,-3.46000
 0.04439000000,-3.96000,-3.46000
 0.04440000000,-3.92000,-3.50000
 0.04441000000,-3.96000,-3.46000
 0.04442000000,-3.96000,-3.46000
 0.04443000000,-3.96000,-3.50000
 0.04444000000,-3.96000,-3.46000
 0.04445000000,-3.96000,-3.42000
 0.04446000000,-3.92000,-3.42000
 0.04447000000,-3.96000,-3.42000
 0.04448000000,-3.92000,-3.42000
 0.04449000000,-3.92000,-3.46000
 0.04450000000,-3.88000,-3.42000
 0.04451000000,-3.88000,-3.46000
 0.04452000000,-3.92000,-3.42000
 0.04453000000,-3.88000,-3.42000
 0.04454000000,-3.88000,-3.46000
 0.04455000000,-3.92000,-3.42000
 0.04456000000,-3.88000,-3.42000
 0.04457000000,-3.88000,-3.46000
 0.04458000000,-3.88000,-3.38000
 0.04459000000,-3.88000,-3.38000
 0.04460000000,-3.88000,-3.38000
 0.04461000000,-3.88000,-3.42000
 0.04462000000,-3.88000,-3.38000
 0.04463000000,-3.88000,-3.38000
 0.04464000000,-3.88000,-3.38000
 0.04465000000,-3.84000,-3.42000
 0.04466000000,-3.84000,-3.38000
 0.04467000000,-3.84000,-3.38000
 0.04468000000,-3.84000,-3.38000
 0.04469000000,-3.80000,-3.38000
 0.04470000000,-3.84000,-3.38000
 0.04471000000,-3.80000,-3.38000
 0.04472000000,-3.84000,-3.34000
 0.04473000000,-3.84000,-3.34000
 0.04474000000,-3.84000,-3.34000
 0.04475000000,-3.84000,-3.34000
 0.04476000000,-3.80000,-3.34000
 0.04477000000,-3.80000,-3.34000
 0.04478000000,-3.76000,-3.34000
 0.04479000000,-3.80000,-3.34000
 0.04480000000,-3.80000,-3.38000
 0.04481000000,-3.80000,-3.34000
 0.04482000000,-3.80000,-3.30000
 0.04483000000,-3.76000,-3.30000
 0.04484000000,-3.76000,-3.30000
 0.04485000000,-3.80000,-3.30000
 0.04486000000,-3.80000,-3.34000
 0.04487000000,-3.76000,-3.34000
 0.04488000000,-3.76000,-3.30000
 0.04489000000,-3.76000,-3.30000
 0.04490000000,-3.72000,-3.30000
 0.04491000000,-3.76000,-3.30000
 0.04492000000,-3.72000,-3.30000
 0.04493000000,-3.72000,-3.34000
 0.04494000000,-3.72000,-3.26000
 0.04495000000,-3.72000,-3.34000
 0.04496000000,-3.72000,-3.30000
 0.04497000000,-3.72000,-3.26000
 0.04498000000,-3.72000,-3.26000
 0.04499000000,-3.76000,-3.26000
 0.04500000000,-3.68000,-3.26000
 0.04501000000,-3.72000,-3.26000
 0.04502000000,-3.72000,-3.26000
 0.04503000000,-3.72000,-3.26000
 0.04504000000,-3.68000,-3.30000
 0.04505000000,-3.72000,-3.26000
 0.04506000000,-3.68000,-3.26000
 0.04507000000,-3.64000,-3.22000
 0.04508000000,-3.64000,-3.22000
 0.04509000000,-3.64000,-3.26000
 0.04510000000,-3.68000,-3.22000
 0.04511000000,-3.64000,-3.22000
 0.04512000000,-3.64000,-3.22000
 0.04513000000,-3.68000,-3.22000
 0.04514000000,-3.64000,-3.22000
 0.04515000000,-3.68000,-3.22000
 0.04516000000,-3.68000,-3.22000
 0.04517000000,-3.68000,-3.22000
 0.04518000000,-3.68000,-3.22000
 0.04519000000,-3.64000,-3.22000
 0.04520000000,-3.64000,-3.18000
 0.04521000000,-3.60000,-3.18000
 0.04522000000,-3.60000,-3.22000
 0.04523000000,-3.64000,-3.18000
 0.04524000000,-3.64000,-3.18000
 0.04525000000,-3.60000,-3.18000
 0.04526000000,-3.60000,-3.18000
 0.04527000000,-3.64000,-3.18000
 0.04528000000,-3.64000,-3.22000
 0.04529000000,-3.60000,-3.18000
 0.04530000000,-3.56000,-3.18000
 0.04531000000,-3.56000,-3.18000
 0.04532000000,-3.60000,-3.18000
 0.04533000000,-3.56000,-3.18000
 0.04534000000,-3.56000,-3.14000
 0.04535000000,-3.56000,-3.14000
 0.04536000000,-3.60000,-3.14000
 0.04537000000,-3.56000,-3.14000
 0.04538000000,-3.56000,-3.14000
 0.04539000000,-3.56000,-3.14000
 0.04540000000,-3.52000,-3.14000
 0.04541000000,-3.56000,-3.18000
 0.04542000000,-3.56000,-3.18000
 0.04543000000,-3.56000,-3.14000
 0.04544000000,-3.56000,-3.10000
 0.04545000000,-3.52000,-3.10000
 0.04546000000,-3.56000,-3.10000
 0.04547000000,-3.52000,-3.10000
 0.04548000000,-3.52000,-3.10000
 0.04549000000,-3.52000,-3.14000
 0.04550000000,-3.52000,-3.10000
 0.04551000000,-3.52000,-3.10000
 0.04552000000,-3.48000,-3.14000
 0.04553000000,-3.52000,-3.10000
 0.04554000000,-3.52000,-3.10000
 0.04555000000,-3.48000,-3.14000
 0.04556000000,-3.52000,-3.10000
 0.04557000000,-3.48000,-3.06000
 0.04558000000,-3.52000,-3.06000
 0.04559000000,-3.48000,-3.06000
 0.04560000000,-3.44000,-3.06000
 0.04561000000,-3.48000,-3.06000
 0.04562000000,-3.48000,-3.06000
 0.04563000000,-3.44000,-3.06000
 0.04564000000,-3.48000,-3.10000
 0.04565000000,-3.48000,-3.06000
 0.04566000000,-3.48000,-3.06000
 0.04567000000,-3.48000,-3.06000
 0.04568000000,-3.44000,-3.06000
 0.04569000000,-3.44000,-3.06000
 0.04570000000,-3.44000,-3.02000
 0.04571000000,-3.44000,-3.02000
 0.04572000000,-3.40000,-3.02000
 0.04573000000,-3.44000,-3.02000
 0.04574000000,-3.40000,-3.06000
 0.04575000000,-3.44000,-3.02000
 0.04576000000,-3.40000,-3.02000
 0.04577000000,-3.40000,-3.02000
 0.04578000000,-3.40000,-3.02000
 0.04579000000,-3.40000,-3.02000
 0.04580000000,-3.36000,-2.98000
 0.04581000000,-3.36000,-2.98000
 0.04582000000,-3.36000,-2.98000
 0.04583000000,-3.40000,-2.98000
 0.04584000000,-3.36000,-3.02000
 0.04585000000,-3.40000,-2.98000
 0.04586000000,-3.40000,-2.98000
 0.04587000000,-3.36000,-2.98000
 0.04588000000,-3.40000,-2.98000
 0.04589000000,-3.36000,-2.98000
 0.04590000000,-3.40000,-2.98000
 0.04591000000,-3.36000,-2.98000
 0.04592000000,-3.32000,-3.02000
 0.04593000000,-3.32000,-2.98000
 0.04594000000,-3.32000,-2.98000
 0.04595000000,-3.36000,-2.94000
 0.04596000000,-3.32000,-2.94000
 0.04597000000,-3.36000,-2.94000
 0.04598000000,-3.36000,-2.94000
 0.04599000000,-3.36000,-2.94000
 0.04600000000,-3.36000,-2.94000
 0.04601000000,-3.32000,-2.94000
 0.04602000000,-3.32000,-2.94000
 0.04603000000,-3.32000,-2.98000
 0.04604000000,-3.32000,-2.94000
 0.04605000000,-3.32000,-2.94000
 0.04606000000,-3.32000,-2.94000
 0.04607000000,-3.32000,-2.90000
 0.04608000000,-3.32000,-2.90000
 0.04609000000,-3.32000,-2.94000
 0.04610000000,-3.28000,-2.90000
 0.04611000000,-3.24000,-2.94000
 0.04612000000,-3.24000,-2.94000
 0.04613000000,-3.28000,-2.90000
 0.04614000000,-3.28000,-2.90000
 0.04615000000,-3.28000,-2.90000
 0.04616000000,-3.28000,-2.90000
 0.04617000000,-3.28000,-2.90000
 0.04618000000,-3.28000,-2.90000
 0.04619000000,-3.24000,-2.90000
 0.04620000000,-3.24000,-2.90000
 0.04621000000,-3.20000,-2.86000
 0.04622000000,-3.24000,-2.86000
 0.04623000000,-3.24000,-2.86000
 0.04624000000,-3.20000,-2.86000
 0.04625000000,-3.24000,-2.90000
 0.04626000000,-3.24000,-2.86000
 0.04627000000,-3.20000,-2.86000
 0.04628000000,-3.20000,-2.86000
 0.04629000000,-3.24000,-2.90000
 0.04630000000,-3.20000,-2.86000
 0.04631000000,-3.20000,-2.86000
 0.04632000000,-3.16000,-2.82000
 0.04633000000,-3.16000,-2.82000
 0.04634000000,-3.16000,-2.82000
 0.04635000000,-3.16000,-2.82000
 0.04636000000,-3.20000,-2.82000
 0.04637000000,-3.20000,-2.82000
 0.04638000000,-3.16000,-2.86000
 0.04639000000,-3.16000,-2.82000
 0.04640000000,-3.16000,-2.82000
 0.04641000000,-3.16000,-2.82000
 0.04642000000,-3.12000,-2.78000
 0.04643000000,-3.12000,-2.82000
 0.04644000000,-3.12000,-2.82000
 0.04645000000,-3.16000,-2.78000
 0.04646000000,-3.12000,-2.82000
 0.04647000000,-3.16000,-2.78000
 0.04648000000,-3.12000,-2.78000
 0.04649000000,-3.16000,-2.78000
 0.04650000000,-3.16000,-2.82000
 0.04651000000,-3.16000,-2.78000
 0.04652000000,-3.12000,-2.78000
 0.04653000000,-3.08000,-2.82000
 0.04654000000,-3.08000,-2.78000
 0.04655000000,-3.12000,-2.78000
 0.04656000000,-3.12000,-2.78000
 0.04657000000,-3.12000,-2.74000
 0.04658000000,-3.08000,-2.74000
 0.04659000000,-3.12000,-2.74000
 0.04660000000,-3.12000,-2.74000
 0.04661000000,-3.08000,-2.74000
 0.04662000000,-3.04000,-2.74000
 0.04663000000,-3.04000,-2.74000
 0.04664000000,-3.08000,-2.74000
 0.04665000000,-3.04000,-2.74000
 0.04666000000,-3.08000,-2.74000
 0.04667000000,-3.04000,-2.74000
 0.04668000000,-3.04000,-2.74000
 0.04669000000,-3.08000,-2.70000
 0.04670000000,-3.08000,-2.70000
 0.04671000000,-3.00000,-2.70000
 0.04672000000,-3.08000,-2.70000
 0.04673000000,-3.00000,-2.70000
 0.04674000000,-3.00000,-2.70000
 0.04675000000,-3.00000,-2.70000
 0.04676000000,-3.00000,-2.70000
 0.04677000000,-3.04000,-2.70000
 0.04678000000,-3.00000,-2.74000
 0.04679000000,-3.04000,-2.70000
 0.04680000000,-3.00000,-2.66000
 0.04681000000,-3.04000,-2.66000
 0.04682000000,-3.04000,-2.66000
 0.04683000000,-3.00000,-2.66000
 0.04684000000,-2.96000,-2.66000
 0.04685000000,-2.96000,-2.66000
 0.04686000000,-3.00000,-2.66000
 0.04687000000,-2.96000,-2.66000
 0.04688000000,-3.00000,-2.66000
 0.04689000000,-2.96000,-2.66000
 0.04690000000,-2.96000,-2.66000
 0.04691000000,-3.00000,-2.66000
 0.04692000000,-3.00000,-2.62000
 0.04693000000,-3.00000,-2.62000
 0.04694000000,-2.92000,-2.62000
 0.04695000000,-2.92000,-2.62000
 0.04696000000,-2.96000,-2.62000
 0.04697000000,-2.92000,-2.62000
 0.04698000000,-2.92000,-2.62000
 0.04699000000,-2.92000,-2.62000
 0.04700000000,-2.92000,-2.62000
 0.04701000000,-2.92000,-2.62000
 0.04702000000,-2.92000,-2.62000
 0.04703000000,-2.92000,-2.62000
 0.04704000000,-2.92000,-2.62000
 0.04705000000,-2.92000,-2.58000
 0.04706000000,-2.88000,-2.58000
 0.04707000000,-2.88000,-2.58000
 0.04708000000,-2.88000,-2.58000
 0.04709000000,-2.88000,-2.58000
 0.04710000000,-2.88000,-2.58000
 0.04711000000,-2.92000,-2.58000
 0.04712000000,-2.88000,-2.58000
 0.04713000000,-2.92000,-2.58000
 0.04714000000,-2.88000,-2.58000
 0.04715000000,-2.88000,-2.54000
 0.04716000000,-2.88000,-2.58000
 0.04717000000,-2.88000,-2.58000
 0.04718000000,-2.84000,-2.54000
 0.04719000000,-2.88000,-2.54000
 0.04720000000,-2.84000,-2.54000
 0.04721000000,-2.84000,-2.54000
 0.04722000000,-2.88000,-2.54000
 0.04723000000,-2.84000,-2.54000
 0.04724000000,-2.84000,-2.54000
 0.04725000000,-2.80000,-2.54000
 0.04726000000,-2.80000,-2.54000
 0.04727000000,-2.84000,-2.54000
 0.04728000000,-2.84000,-2.54000
 0.04729000000,-2.84000,-2.54000
 0.04730000000,-2.80000,-2.50000
 0.04731000000,-2.84000,-2.50000
 0.04732000000,-2.84000,-2.50000
 0.04733000000,-2.80000,-2.50000
 0.04734000000,-2.80000,-2.50000
 0.04735000000,-2.80000,-2.50000
 0.04736000000,-2.76000,-2.50000
 0.04737000000,-2.80000,-2.50000
 0.04738000000,-2.76000,-2.50000
 0.04739000000,-2.80000,-2.50000
 0.04740000000,-2.76000,-2.50000
 0.04741000000,-2.76000,-2.46000
 0.04742000000,-2.76000,-2.50000
 0.04743000000,-2.76000,-2.50000
 0.04744000000,-2.76000,-2.46000
 0.04745000000,-2.80000,-2.46000
 0.04746000000,-2.76000,-2.46000
 0.04747000000,-2.76000,-2.46000
 0.04748000000,-2.72000,-2.46000
 0.04749000000,-2.76000,-2.46000
 0.04750000000,-2.72000,-2.46000
 0.04751000000,-2.76000,-2.46000
 0.04752000000,-2.72000,-2.46000
 0.04753000000,-2.76000,-2.46000
 0.04754000000,-2.72000,-2.46000
 0.04755000000,-2.68000,-2.42000
 0.04756000000,-2.68000,-2.42000
 0.04757000000,-2.72000,-2.42000
 0.04758000000,-2.68000,-2.42000
 0.04759000000,-2.68000,-2.42000
 0.04760000000,-2.72000,-2.42000
 0.04761000000,-2.68000,-2.42000
 0.04762000000,-2.72000,-2.42000
 0.04763000000,-2.72000,-2.42000
 0.04764000000,-2.72000,-2.42000
 0.04765000000,-2.68000,-2.42000
 0.04766000000,-2.68000,-2.42000
 0.04767000000,-2.64000,-2.42000
 0.04768000000,-2.68000,-2.38000
 0.04769000000,-2.64000,-2.38000
 0.04770000000,-2.68000,-2.38000
 0.04771000000,-2.68000,-2.38000
 0.04772000000,-2.68000,-2.38000
 0.04773000000,-2.64000,-2.38000
 0.04774000000,-2.68000,-2.38000
 0.04775000000,-2.68000,-2.38000
 0.04776000000,-2.68000,-2.38000
 0.04777000000,-2.64000,-2.38000
 0.04778000000,-2.60000,-2.38000
 0.04779000000,-2.64000,-2.38000
 0.04780000000,-2.60000,-2.34000
 0.04781000000,-2.60000,-2.34000
 0.04782000000,-2.60000,-2.34000
 0.04783000000,-2.64000,-2.34000
 0.04784000000,-2.60000,-2.34000
 0.04785000000,-2.60000,-2.34000
 0.04786000000,-2.64000,-2.34000
 0.04787000000,-2.60000,-2.34000
 0.04788000000,-2.60000,-2.34000
 0.04789000000,-2.56000,-2.34000
 0.04790000000,-2.56000,-2.30000
 0.04791000000,-2.56000,-2.34000
 0.04792000000,-2.56000,-2.30000
 0.04793000000,-2.60000,-2.34000
 0.04794000000,-2.56000,-2.30000
 0.04795000000,-2.56000,-2.30000
 0.04796000000,-2.56000,-2.30000
 0.04797000000,-2.56000,-2.30000
 0.04798000000,-2.52000,-2.30000
 0.04799000000,-2.56000,-2.30000
 0.04800000000,-2.52000,-2.30000
 0.04801000000,-2.52000,-2.30000
 0.04802000000,-2.56000,-2.30000
 0.04803000000,-2.52000,-2.30000
 0.04804000000,-2.52000,-2.26000
 0.04805000000,-2.52000,-2.26000
 0.04806000000,-2.56000,-2.26000
 0.04807000000,-2.52000,-2.26000
 0.04808000000,-2.48000,-2.26000
 0.04809000000,-2.48000,-2.26000
 0.04810000000,-2.48000,-2.26000
 0.04811000000,-2.48000,-2.26000
 0.04812000000,-2.52000,-2.26000
 0.04813000000,-2.48000,-2.26000
 0.04814000000,-2.48000,-2.26000
 0.04815000000,-2.52000,-2.22000
 0.04816000000,-2.52000,-2.26000
 0.04817000000,-2.48000,-2.26000
 0.04818000000,-2.48000,-2.22000
 0.04819000000,-2.44000,-2.26000
 0.04820000000,-2.44000,-2.22000
 0.04821000000,-2.48000,-2.22000
 0.04822000000,-2.44000,-2.22000
 0.04823000000,-2.44000,-2.22000
 0.04824000000,-2.48000,-2.22000
 0.04825000000,-2.48000,-2.22000
 0.04826000000,-2.44000,-2.18000
 0.04827000000,-2.44000,-2.22000
 0.04828000000,-2.44000,-2.22000
 0.04829000000,-2.44000,-2.22000
 0.04830000000,-2.44000,-2.22000
 0.04831000000,-2.44000,-2.18000
 0.04832000000,-2.40000,-2.18000
 0.04833000000,-2.40000,-2.18000
 0.04834000000,-2.40000,-2.18000
 0.04835000000,-2.40000,-2.14000
 0.04836000000,-2.40000,-2.18000
 0.04837000000,-2.44000,-2.18000
 0.04838000000,-2.36000,-2.18000
 0.04839000000,-2.40000,-2.18000
 0.04840000000,-2.36000,-2.18000
 0.04841000000,-2.36000,-2.18000
 0.04842000000,-2.36000,-2.18000
 0.04843000000,-2.40000,-2.18000
 0.04844000000,-2.36000,-2.14000
 0.04845000000,-2.40000,-2.14000
 0.04846000000,-2.40000,-2.10000
 0.04847000000,-2.40000,-2.14000
 0.04848000000,-2.32000,-2.10000
 0.04849000000,-2.32000,-2.14000
 0.04850000000,-2.36000,-2.14000
 0.04851000000,-2.36000,-2.14000
 0.04852000000,-2.36000,-2.14000
 0.04853000000,-2.32000,-2.14000
 0.04854000000,-2.32000,-2.14000
 0.04855000000,-2.32000,-2.10000
 0.04856000000,-2.32000,-2.10000
 0.04857000000,-2.32000,-2.10000
 0.04858000000,-2.28000,-2.10000
 0.04859000000,-2.28000,-2.10000
 0.04860000000,-2.32000,-2.06000
 0.04861000000,-2.28000,-2.10000
 0.04862000000,-2.32000,-2.10000
 0.04863000000,-2.28000,-2.06000
 0.04864000000,-2.28000,-2.10000
 0.04865000000,-2.28000,-2.10000
 0.04866000000,-2.28000,-2.10000
 0.04867000000,-2.24000,-2.10000
 0.04868000000,-2.24000,-2.10000
 0.04869000000,-2.28000,-2.06000
 0.04870000000,-2.24000,-2.06000
 0.04871000000,-2.28000,-2.06000
 0.04872000000,-2.24000,-2.06000
 0.04873000000,-2.24000,-2.06000
 0.04874000000,-2.24000,-2.06000
 0.04875000000,-2.24000,-2.06000
 0.04876000000,-2.24000,-2.06000
 0.04877000000,-2.20000,-2.06000
 0.04878000000,-2.20000,-2.02000
 0.04879000000,-2.20000,-2.06000
 0.04880000000,-2.20000,-2.06000
 0.04881000000,-2.20000,-2.02000
 0.04882000000,-2.20000,-2.02000
 0.04883000000,-2.24000,-2.02000
 0.04884000000,-2.20000,-1.98000
 0.04885000000,-2.20000,-2.02000
 0.04886000000,-2.16000,-2.02000
 0.04887000000,-2.16000,-2.02000
 0.04888000000,-2.16000,-2.02000
 0.04889000000,-2.20000,-2.02000
 0.04890000000,-2.16000,-2.02000
 0.04891000000,-2.20000,-2.02000
 0.04892000000,-2.16000,-2.02000
 0.04893000000,-2.16000,-1.94000
 0.04894000000,-2.16000,-2.02000
 0.04895000000,-2.16000,-1.98000
 0.04896000000,-2.12000,-1.98000
 0.04897000000,-2.16000,-1.98000
 0.04898000000,-2.12000,-1.94000
 0.04899000000,-2.16000,-1.98000
 0.04900000000,-2.12000,-1.94000
 0.04901000000,-2.16000,-1.94000
 0.04902000000,-2.12000,-1.98000
 0.04903000000,-2.12000,-1.98000
 0.04904000000,-2.08000,-1.98000
 0.04905000000,-2.08000,-1.94000
 0.04906000000,-2.08000,-1.94000
 0.04907000000,-2.08000,-1.94000
 0.04908000000,-2.12000,-1.94000
 0.04909000000,-2.08000,-1.94000
 0.04910000000,-2.08000,-1.94000
 0.04911000000,-2.12000,-1.94000
 0.04912000000,-2.04000,-1.94000
 0.04913000000,-2.04000,-1.94000
 0.04914000000,-2.04000,-1.90000
 0.04915000000,-2.04000,-1.94000
 0.04916000000,-2.04000,-1.94000
 0.04917000000,-2.04000,-1.90000
 0.04918000000,-2.04000,-1.90000
 0.04919000000,-2.08000,-1.86000
 0.04920000000,-2.04000,-1.90000
 0.04921000000,-2.04000,-1.90000
 0.04922000000,-2.04000,-1.86000
 0.04923000000,-2.04000,-1.90000
 0.04924000000,-2.00000,-1.90000
 0.04925000000,-2.00000,-1.90000
 0.04926000000,-2.00000,-1.90000
 0.04927000000,-2.00000,-1.90000
 0.04928000000,-2.00000,-1.90000
 0.04929000000,-2.00000,-1.90000
 0.04930000000,-2.04000,-1.90000
 0.04931000000,-2.04000,-1.90000
 0.04932000000,-1.96000,-1.86000
 0.04933000000,-2.00000,-1.86000
 0.04934000000,-1.96000,-1.86000
 0.04935000000,-1.96000,-1.86000
 0.04936000000,-2.00000,-1.86000
 0.04937000000,-1.96000,-1.86000
 0.04938000000,-1.96000,-1.86000
 0.04939000000,-1.96000,-1.86000
 0.04940000000,-1.96000,-1.82000
 0.04941000000,-2.00000,-1.82000
 0.04942000000,-1.96000,-1.86000
 0.04943000000,-2.00000,-1.86000
 0.04944000000,-1.96000,-1.86000
 0.04945000000,-1.92000,-1.82000
 0.04946000000,-1.92000,-1.82000
 0.04947000000,-1.96000,-1.82000
 0.04948000000,-1.92000,-1.82000
 0.04949000000,-1.92000,-1.78000
 0.04950000000,-1.96000,-1.82000
 0.04951000000,-1.96000,-1.78000
 0.04952000000,-1.96000,-1.82000
 0.04953000000,-1.92000,-1.82000
 0.04954000000,-1.92000,-1.82000
 0.04955000000,-1.92000,-1.82000
 0.04956000000,-1.92000,-1.82000
 0.04957000000,-1.92000,-1.78000
 0.04958000000,-1.92000,-1.78000
 0.04959000000,-1.96000,-1.78000
 0.04960000000,-1.92000,-1.78000
 0.04961000000,-1.88000,-1.78000
 0.04962000000,-1.88000,-1.78000
 0.04963000000,-1.88000,-1.78000
 0.04964000000,-1.88000,-1.74000
 0.04965000000,-1.92000,-1.78000
 0.04966000000,-1.88000,-1.74000
 0.04967000000,-1.88000,-1.78000
 0.04968000000,-1.88000,-1.74000
 0.04969000000,-1.88000,-1.74000
 0.04970000000,-1.92000,-1.74000
 0.04971000000,-1.88000,-1.74000
 0.04972000000,-1.88000,-1.74000
 0.04973000000,-1.88000,-1.74000
 0.04974000000,-1.92000,-1.74000
 0.04975000000,-1.88000,-1.74000
 0.04976000000,-1.92000,-1.74000
 0.04977000000,-1.92000,-1.74000
 0.04978000000,-1.92000,-1.74000
 0.04979000000,-1.92000,-1.70000
 0.04980000000,-1.92000,-1.70000
 0.04981000000,-1.88000,-1.74000
 0.04982000000,-1.84000,-1.70000
 0.04983000000,-1.84000,-1.74000
 0.04984000000,-1.84000,-1.70000
 0.04985000000,-1.84000,-1.66000
 0.04986000000,-1.84000,-1.66000
 0.04987000000,-1.88000,-1.70000
 0.04988000000,-1.84000,-1.66000
 0.04989000000,-1.84000,-1.66000
 0.04990000000,-1.84000,-1.70000
 0.04991000000,-1.84000,-1.70000
 0.04992000000,-1.88000,-1.70000
 0.04993000000,-1.88000,-1.66000
 0.04994000000,-1.84000,-1.70000
 0.04995000000,-1.84000,-1.66000
 0.04996000000,-1.88000,-1.66000
 0.04997000000,-1.84000,-1.66000
 0.04998000000,-1.88000,-1.62000
 0.04999000000,-1.80000,-1.66000
 0.05000000000,-1.84000,-1.66000
 0.05001000000,-1.80000,-1.62000
 0.05002000000,-1.80000,-1.62000
 0.05003000000,-1.80000,-1.66000
 0.05004000000,-1.80000,-1.66000
 0.05005000000,-1.84000,-1.66000
 0.05006000000,-1.80000,-1.62000
 0.05007000000,-1.84000,-1.62000
 0.05008000000,-1.80000,-1.66000
 0.05009000000,-1.80000,-1.62000
 0.05010000000,-1.80000,-1.58000
 0.05011000000,-1.84000,-1.58000
 0.05012000000,-1.80000,-1.62000
 0.05013000000,-1.80000,-1.58000
 0.05014000000,-1.76000,-1.58000
 0.05015000000,-1.76000,-1.58000
 0.05016000000,-1.76000,-1.58000
 0.05017000000,-1.80000,-1.58000
 0.05018000000,-1.76000,-1.58000
 0.05019000000,-1.76000,-1.62000
 0.05020000000,-1.80000,-1.58000
 0.05021000000,-1.76000,-1.62000
 0.05022000000,-1.72000,-1.58000
 0.05023000000,-1.72000,-1.54000
 0.05024000000,-1.72000,-1.58000
 0.05025000000,-1.72000,-1.58000
 0.05026000000,-1.72000,-1.54000
 0.05027000000,-1.72000,-1.58000
 0.05028000000,-1.72000,-1.54000
 0.05029000000,-1.72000,-1.58000
 0.05030000000,-1.76000,-1.54000
 0.05031000000,-1.72000,-1.58000
 0.05032000000,-1.68000,-1.54000
 0.05033000000,-1.68000,-1.54000
 0.05034000000,-1.68000,-1.54000
 0.05035000000,-1.72000,-1.50000
 0.05036000000,-1.68000,-1.54000
 0.05037000000,-1.72000,-1.54000
 0.05038000000,-1.68000,-1.54000
 0.05039000000,-1.72000,-1.54000
 0.05040000000,-1.64000,-1.54000
 0.05041000000,-1.64000,-1.50000
 0.05042000000,-1.68000,-1.50000
 0.05043000000,-1.68000,-1.54000
 0.05044000000,-1.68000,-1.54000
 0.05045000000,-1.68000,-1.54000
 0.05046000000,-1.64000,-1.50000
 0.05047000000,-1.64000,-1.50000
 0.05048000000,-1.64000,-1.50000
 0.05049000000,-1.60000,-1.46000
 0.05050000000,-1.60000,-1.50000
 0.05051000000,-1.64000,-1.50000
 0.05052000000,-1.60000,-1.50000
 0.05053000000,-1.60000,-1.50000
 0.05054000000,-1.60000,-1.50000
 0.05055000000,-1.60000,-1.46000
 0.05056000000,-1.60000,-1.46000
 0.05057000000,-1.56000,-1.46000
 0.05058000000,-1.56000,-1.46000
 0.05059000000,-1.56000,-1.46000
 0.05060000000,-1.56000,-1.46000
 0.05061000000,-1.56000,-1.46000
 0.05062000000,-1.56000,-1.46000
 0.05063000000,-1.56000,-1.42000
 0.05064000000,-1.56000,-1.46000
 0.05065000000,-1.60000,-1.46000
 0.05066000000,-1.52000,-1.46000
 0.05067000000,-1.52000,-1.46000
 0.05068000000,-1.52000,-1.46000
 0.05069000000,-1.52000,-1.46000
 0.05070000000,-1.52000,-1.46000
 0.05071000000,-1.52000,-1.42000
 0.05072000000,-1.48000,-1.42000
 0.05073000000,-1.52000,-1.42000
 0.05074000000,-1.48000,-1.38000
 0.05075000000,-1.48000,-1.42000
 0.05076000000,-1.52000,-1.38000
 0.05077000000,-1.48000,-1.42000
 0.05078000000,-1.52000,-1.42000
 0.05079000000,-1.48000,-1.42000
 0.05080000000,-1.48000,-1.42000
 0.05081000000,-1.44000,-1.38000
 0.05082000000,-1.48000,-1.42000
 0.05083000000,-1.44000,-1.42000
 0.05084000000,-1.44000,-1.34000
 0.05085000000,-1.44000,-1.38000
 0.05086000000,-1.44000,-1.34000
 0.05087000000,-1.44000,-1.34000
 0.05088000000,-1.40000,-1.38000
 0.05089000000,-1.44000,-1.38000
 0.05090000000,-1.40000,-1.38000
 0.05091000000,-1.40000,-1.34000
 0.05092000000,-1.40000,-1.34000
 0.05093000000,-1.44000,-1.34000
 0.05094000000,-1.40000,-1.38000
 0.05095000000,-1.36000,-1.38000
 0.05096000000,-1.36000,-1.38000
 0.05097000000,-1.36000,-1.34000
 0.05098000000,-1.40000,-1.34000
 0.05099000000,-1.36000,-1.34000
 0.05100000000,-1.36000,-1.30000
 0.05101000000,-1.36000,-1.30000
 0.05102000000,-1.36000,-1.34000
 0.05103000000,-1.36000,-1.30000
 0.05104000000,-1.32000,-1.30000
 0.05105000000,-1.32000,-1.34000
 0.05106000000,-1.32000,-1.34000
 0.05107000000,-1.32000,-1.34000
 0.05108000000,-1.32000,-1.30000
 0.05109000000,-1.32000,-1.34000
 0.05110000000,-1.28000,-1.30000
 0.05111000000,-1.28000,-1.30000
 0.05112000000,-1.28000,-1.30000
 0.05113000000,-1.28000,-1.26000
 0.05114000000,-1.32000,-1.26000
 0.05115000000,-1.28000,-1.30000
 0.05116000000,-1.24000,-1.30000
 0.05117000000,-1.24000,-1.30000
 0.05118000000,-1.28000,-1.30000
 0.05119000000,-1.28000,-1.30000
 0.05120000000,-1.28000,-1.30000
 0.05121000000,-1.24000,-1.30000
 0.05122000000,-1.24000,-1.30000
 0.05123000000,-1.28000,-1.26000
 0.05124000000,-1.24000,-1.26000
 0.05125000000,-1.20000,-1.26000
 0.05126000000,-1.20000,-1.22000
 0.05127000000,-1.20000,-1.26000
 0.05128000000,-1.20000,-1.22000
 0.05129000000,-1.20000,-1.26000
 0.05130000000,-1.20000,-1.22000
 0.05131000000,-1.24000,-1.26000
 0.05132000000,-1.20000,-1.26000
 0.05133000000,-1.16000,-1.26000
 0.05134000000,-1.20000,-1.26000
 0.05135000000,-1.20000,-1.22000
 0.05136000000,-1.16000,-1.26000
 0.05137000000,-1.20000,-1.22000
 0.05138000000,-1.16000,-1.22000
 0.05139000000,-1.16000,-1.18000
 0.05140000000,-1.12000,-1.22000
 0.05141000000,-1.12000,-1.22000
 0.05142000000,-1.12000,-1.18000
 0.05143000000,-1.12000,-1.18000
 0.05144000000,-1.12000,-1.18000
 0.05145000000,-1.12000,-1.22000
 0.05146000000,-1.12000,-1.18000
 0.05147000000,-1.12000,-1.18000
 0.05148000000,-1.12000,-1.18000
 0.05149000000,-1.12000,-1.22000
 0.05150000000,-1.08000,-1.22000
 0.05151000000,-1.08000,-1.14000
 0.05152000000,-1.08000,-1.18000
 0.05153000000,-1.08000,-1.14000
 0.05154000000,-1.08000,-1.14000
 0.05155000000,-1.08000,-1.18000
 0.05156000000,-1.08000,-1.18000
 0.05157000000,-1.04000,-1.18000
 0.05158000000,-1.04000,-1.18000
 0.05159000000,-1.04000,-1.18000
 0.05160000000,-1.04000,-1.18000
 0.05161000000,-1.04000,-1.10000
 0.05162000000,-1.04000,-1.14000
 0.05163000000,-1.04000,-1.18000
 0.05164000000,-1.08000,-1.14000
 0.05165000000,-1.08000,-1.10000
 0.05166000000,-1.04000,-1.10000
 0.05167000000,-1.04000,-1.10000
 0.05168000000,-1.00000,-1.10000
 0.05169000000,-1.00000,-1.14000
 0.05170000000,-1.00000,-1.14000
 0.05171000000,-1.00000,-1.10000
 0.05172000000,-1.00000,-1.14000
 0.05173000000,-1.04000,-1.14000
 0.05174000000,-1.00000,-1.10000
 0.05175000000,-1.00000,-1.14000
 0.05176000000,-1.04000,-1.06000
 0.05177000000,-1.00000,-1.10000
 0.05178000000,-1.00000,-1.10000
 0.05179000000,-1.00000,-1.06000
 0.05180000000,-0.96000,-1.10000
 0.05181000000,-1.00000,-1.06000
 0.05182000000,-1.00000,-1.06000
 0.05183000000,-0.96000,-1.06000
 0.05184000000,-1.04000,-1.06000
 0.05185000000,-1.04000,-1.10000
 0.05186000000,-1.00000,-1.10000
 0.05187000000,-0.96000,-1.06000
 0.05188000000,-1.00000,-1.06000
 0.05189000000,-1.04000,-1.02000
 0.05190000000,-1.00000,-1.02000
 0.05191000000,-1.00000,-1.02000
 0.05192000000,-1.00000,-1.02000
 0.05193000000,-1.00000,-1.02000
 0.05194000000,-1.00000,-1.02000
 0.05195000000,-0.96000,-1.06000
 0.05196000000,-0.96000,-1.06000
 0.05197000000,-0.96000,-1.02000
 0.05198000000,-0.96000,-1.02000
 0.05199000000,-0.96000,-1.06000
 0.05200000000,-0.96000,-1.06000
 0.05201000000,-0.96000,-1.06000
 0.05202000000,-0.96000,-1.02000
 0.05203000000,-1.00000,-1.02000
 0.05204000000,-0.96000,-0.98000
 0.05205000000,-0.96000,-1.02000
 0.05206000000,-1.00000,-1.02000
 0.05207000000,-0.96000,-1.02000
 0.05208000000,-0.96000,-1.02000
 0.05209000000,-1.00000,-0.98000
 0.05210000000,-0.96000,-1.02000
 0.05211000000,-0.96000,-0.98000
 0.05212000000,-0.96000,-0.98000
 0.05213000000,-0.96000,-1.02000
 0.05214000000,-0.96000,-0.94000
 0.05215000000,-0.96000,-0.98000
 0.05216000000,-0.96000,-0.94000
 0.05217000000,-0.96000,-0.94000
 0.05218000000,-0.96000,-0.94000
 0.05219000000,-0.96000,-0.94000
 0.05220000000,-0.96000,-0.98000
 0.05221000000,-0.96000,-0.98000
 0.05222000000,-0.96000,-0.98000
 0.05223000000,-0.96000,-0.94000
 0.05224000000,-0.96000,-0.98000
 0.05225000000,-0.96000,-0.98000
 0.05226000000,-0.96000,-0.98000
 0.05227000000,-0.96000,-0.98000
 0.05228000000,-1.00000,-0.94000
 0.05229000000,-0.96000,-0.98000
 0.05230000000,-0.96000,-0.94000
 0.05231000000,-0.96000,-0.94000
 0.05232000000,-0.96000,-0.94000
 0.05233000000,-0.96000,-0.94000
 0.05234000000,-1.00000,-0.94000
 0.05235000000,-0.96000,-0.94000
 0.05236000000,-0.96000,-0.94000
 0.05237000000,-1.00000,-0.94000
 0.05238000000,-0.96000,-0.90000
 0.05239000000,-0.96000,-0.94000
 0.05240000000,-1.00000,-0.90000
 0.05241000000,-0.96000,-0.90000
 0.05242000000,-0.96000,-0.90000
 0.05243000000,-0.96000,-0.90000
 0.05244000000,-0.96000,-0.86000
 0.05245000000,-0.96000,-0.86000
 0.05246000000,-0.96000,-0.90000
 0.05247000000,-1.00000,-0.86000
 0.05248000000,-0.96000,-0.90000
 0.05249000000,-1.00000,-0.90000
 0.05250000000,-0.96000,-0.86000
 0.05251000000,-0.96000,-0.90000
 0.05252000000,-0.96000,-0.86000
 0.05253000000,-0.96000,-0.90000
 0.05254000000,-0.96000,-0.82000
 0.05255000000,-0.96000,-0.86000
 0.05256000000,-0.96000,-0.82000
 0.05257000000,-0.96000,-0.82000
 0.05258000000,-0.96000,-0.82000
 0.05259000000,-0.96000,-0.86000
 0.05260000000,-0.96000,-0.82000
 0.05261000000,-0.96000,-0.82000
 0.05262000000,-0.96000,-0.86000
 0.05263000000,-0.96000,-0.82000
 0.05264000000,-0.96000,-0.82000
 0.05265000000,-0.96000,-0.86000
 0.05266000000,-0.96000,-0.78000
 0.05267000000,-0.96000,-0.78000
 0.05268000000,-0.96000,-0.78000
 0.05269000000,-0.96000,-0.82000
 0.05270000000,-0.96000,-0.82000
 0.05271000000,-1.00000,-0.78000
 0.05272000000,-0.96000,-0.78000
 0.05273000000,-1.00000,-0.78000
 0.05274000000,-0.96000,-0.78000
 0.05275000000,-1.00000,-0.82000
 0.05276000000,-1.00000,-0.78000
 0.05277000000,-0.96000,-0.82000
 0.05278000000,-0.96000,-0.82000
 0.05279000000,-0.96000,-0.78000
 0.05280000000,-0.96000,-0.74000
 0.05281000000,-0.96000,-0.74000
 0.05282000000,-0.96000,-0.78000
 0.05283000000,-1.00000,-0.74000
 0.05284000000,-0.96000,-0.74000
 0.05285000000,-0.96000,-0.74000
 0.05286000000,-0.96000,-0.74000
 0.05287000000,-0.96000,-0.74000
 0.05288000000,-0.96000,-0.74000
 0.05289000000,-0.96000,-0.74000
 0.05290000000,-0.96000,-0.74000
 0.05291000000,-0.92000,-0.78000
 0.05292000000,-0.96000,-0.70000
 0.05293000000,-0.92000,-0.78000
 0.05294000000,-0.92000,-0.70000
 0.05295000000,-0.92000,-0.74000
 0.05296000000,-0.92000,-0.74000
 0.05297000000,-0.96000,-0.74000
 0.05298000000,-0.92000,-0.70000
 0.05299000000,-0.92000,-0.70000
 0.05300000000,-0.92000,-0.70000
 0.05301000000,-0.92000,-0.70000
 0.05302000000,-0.92000,-0.74000
 0.05303000000,-0.92000,-0.70000
 0.05304000000,-0.92000,-0.74000
 0.05305000000,-0.92000,-0.70000
 0.05306000000,-0.92000,-0.66000
 0.05307000000,-0.92000,-0.66000
 0.05308000000,-0.88000,-0.70000
 0.05309000000,-0.92000,-0.66000
 0.05310000000,-0.88000,-0.66000
 0.05311000000,-0.92000,-0.70000
 0.05312000000,-0.92000,-0.70000
 0.05313000000,-0.92000,-0.70000
 0.05314000000,-0.88000,-0.70000
 0.05315000000,-0.92000,-0.66000
 0.05316000000,-0.88000,-0.70000
 0.05317000000,-0.88000,-0.70000
 0.05318000000,-0.88000,-0.62000
 0.05319000000,-0.88000,-0.62000
 0.05320000000,-0.88000,-0.62000
 0.05321000000,-0.92000,-0.62000
 0.05322000000,-0.88000,-0.62000
 0.05323000000,-0.92000,-0.62000
 0.05324000000,-0.88000,-0.66000
 0.05325000000,-0.84000,-0.62000
 0.05326000000,-0.84000,-0.62000
 0.05327000000,-0.84000,-0.66000
 0.05328000000,-0.84000,-0.62000
 0.05329000000,-0.84000,-0.66000
 0.05330000000,-0.84000,-0.62000
 0.05331000000,-0.84000,-0.66000
 0.05332000000,-0.88000,-0.62000
 0.05333000000,-0.84000,-0.62000
 0.05334000000,-0.80000,-0.62000
 0.05335000000,-0.80000,-0.62000
 0.05336000000,-0.80000,-0.62000
 0.05337000000,-0.80000,-0.58000
 0.05338000000,-0.80000,-0.58000
 0.05339000000,-0.80000,-0.58000
 0.05340000000,-0.80000,-0.58000
 0.05341000000,-0.80000,-0.58000
 0.05342000000,-0.80000,-0.62000
 0.05343000000,-0.80000,-0.62000
 0.05344000000,-0.76000,-0.58000
 0.05345000000,-0.76000,-0.58000
 0.05346000000,-0.76000,-0.58000
 0.05347000000,-0.76000,-0.58000
 0.05348000000,-0.76000,-0.54000
 0.05349000000,-0.76000,-0.54000
 0.05350000000,-0.76000,-0.54000
 0.05351000000,-0.72000,-0.54000
 0.05352000000,-0.72000,-0.54000
 0.05353000000,-0.72000,-0.58000
 0.05354000000,-0.72000,-0.54000
 0.05355000000,-0.72000,-0.58000
 0.05356000000,-0.72000,-0.58000
 0.05357000000,-0.72000,-0.54000
 0.05358000000,-0.68000,-0.54000
 0.05359000000,-0.68000,-0.50000
 0.05360000000,-0.68000,-0.54000
 0.05361000000,-0.68000,-0.50000
 0.05362000000,-0.68000,-0.50000
 0.05363000000,-0.68000,-0.54000
 0.05364000000,-0.68000,-0.50000
 0.05365000000,-0.64000,-0.50000
 0.05366000000,-0.64000,-0.50000
 0.05367000000,-0.64000,-0.50000
 0.05368000000,-0.64000,-0.50000
 0.05369000000,-0.64000,-0.50000
 0.05370000000,-0.64000,-0.54000
 0.05371000000,-0.64000,-0.46000
 0.05372000000,-0.60000,-0.46000
 0.05373000000,-0.60000,-0.50000
 0.05374000000,-0.60000,-0.50000
 0.05375000000,-0.60000,-0.50000
 0.05376000000,-0.60000,-0.50000
 0.05377000000,-0.56000,-0.46000
 0.05378000000,-0.56000,-0.46000
 0.05379000000,-0.56000,-0.46000
 0.05380000000,-0.56000,-0.46000
 0.05381000000,-0.56000,-0.46000
 0.05382000000,-0.56000,-0.46000
 0.05383000000,-0.56000,-0.46000
 0.05384000000,-0.56000,-0.42000
 0.05385000000,-0.52000,-0.46000
 0.05386000000,-0.52000,-0.46000
 0.05387000000,-0.52000,-0.42000
 0.05388000000,-0.52000,-0.42000
 0.05389000000,-0.52000,-0.42000
 0.05390000000,-0.52000,-0.42000
 0.05391000000,-0.48000,-0.46000
 0.05392000000,-0.48000,-0.42000
 0.05393000000,-0.48000,-0.42000
 0.05394000000,-0.48000,-0.42000
 0.05395000000,-0.48000,-0.46000
 0.05396000000,-0.48000,-0.42000
 0.05397000000,-0.48000,-0.38000
 0.05398000000,-0.44000,-0.38000
 0.05399000000,-0.44000,-0.38000
 0.05400000000,-0.44000,-0.38000
 0.05401000000,-0.44000,-0.38000
 0.05402000000,-0.44000,-0.38000
 0.05403000000,-0.44000,-0.42000
 0.05404000000,-0.40000,-0.42000
 0.05405000000,-0.40000,-0.38000
 0.05406000000,-0.40000,-0.38000
 0.05407000000,-0.40000,-0.38000
 0.05408000000,-0.40000,-0.38000
 0.05409000000,-0.40000,-0.38000
 0.05410000000,-0.36000,-0.38000
 0.05411000000,-0.36000,-0.34000
 0.05412000000,-0.36000,-0.34000
 0.05413000000,-0.36000,-0.34000
 0.05414000000,-0.36000,-0.34000
 0.05415000000,-0.36000,-0.34000
 0.05416000000,-0.36000,-0.34000
 0.05417000000,-0.36000,-0.34000
 0.05418000000,-0.32000,-0.34000
 0.05419000000,-0.32000,-0.38000
 0.05420000000,-0.32000,-0.34000
 0.05421000000,-0.32000,-0.34000
 0.05422000000,-0.32000,-0.34000
 0.05423000000,-0.32000,-0.34000
 0.05424000000,-0.32000,-0.34000
 0.05425000000,-0.32000,-0.34000
 0.05426000000,-0.28000,-0.34000
 0.05427000000,-0.28000,-0.34000
 0.05428000000,-0.28000,-0.34000
 0.05429000000,-0.28000,-0.30000
 0.05430000000,-0.28000,-0.30000
 0.05431000000,-0.28000,-0.34000
 0.05432000000,-0.28000,-0.30000
 0.05433000000,-0.24000,-0.34000
 0.05434000000,-0.24000,-0.30000
 0.05435000000,-0.24000,-0.26000
 0.05436000000,-0.24000,-0.26000
 0.05437000000,-0.24000,-0.26000
 0.05438000000,-0.24000,-0.26000
 0.05439000000,-0.24000,-0.26000
 0.05440000000,-0.24000,-0.26000
 0.05441000000,-0.24000,-0.26000
 0.05442000000,-0.20000,-0.26000
 0.05443000000,-0.20000,-0.30000
 0.05444000000,-0.20000,-0.26000
 0.05445000000,-0.20000,-0.26000
 0.05446000000,-0.20000,-0.26000
 0.05447000000,-0.20000,-0.26000
 0.05448000000,-0.20000,-0.26000
 0.05449000000,-0.20000,-0.26000
 0.05450000000,-0.20000,-0.22000
 0.05451000000,-0.16000,-0.26000
 0.05452000000,-0.20000,-0.22000
 0.05453000000,-0.20000,-0.22000
 0.05454000000,-0.16000,-0.22000
 0.05455000000,-0.16000,-0.26000
 0.05456000000,-0.16000,-0.26000
 0.05457000000,-0.16000,-0.22000
 0.05458000000,-0.16000,-0.22000
 0.05459000000,-0.16000,-0.22000
 0.05460000000,-0.16000,-0.22000
 0.05461000000,-0.16000,-0.22000
 0.05462000000,-0.16000,-0.18000
 0.05463000000,-0.16000,-0.18000
 0.05464000000,-0.16000,-0.18000
 0.05465000000,-0.16000,-0.18000
 0.05466000000,-0.12000,-0.22000
 0.05467000000,-0.16000,-0.18000
 0.05468000000,-0.16000,-0.18000
 0.05469000000,-0.12000,-0.18000
 0.05470000000,-0.12000,-0.18000
 0.05471000000,-0.12000,-0.18000
 0.05472000000,-0.12000,-0.18000
 0.05473000000,-0.12000,-0.18000
 0.05474000000,-0.12000,-0.18000
 0.05475000000,-0.12000,-0.14000
 0.05476000000,-0.08000,-0.14000
 0.05477000000,-0.12000,-0.14000
 0.05478000000,-0.12000,-0.14000
 0.05479000000,-0.12000,-0.14000
 0.05480000000,-0.12000,-0.14000
 0.05481000000,-0.12000,-0.18000
 0.05482000000,-0.12000,-0.14000
 0.05483000000,-0.12000,-0.14000
 0.05484000000,-0.12000,-0.14000
 0.05485000000,-0.12000,-0.14000
 0.05486000000,-0.12000,-0.14000
 0.05487000000,-0.12000,-0.18000
 0.05488000000,-0.12000,-0.10000
 0.05489000000,-0.12000,-0.10000
 0.05490000000,-0.12000,-0.10000
 0.05491000000,-0.12000,-0.10000
 0.05492000000,-0.12000,-0.14000
 0.05493000000,-0.08000,-0.10000
 0.05494000000,-0.12000,-0.10000
 0.05495000000,-0.08000,-0.14000
 0.05496000000,-0.12000,-0.10000
 0.05497000000,-0.08000,-0.10000
 0.05498000000,-0.08000,-0.10000
 0.05499000000,-0.08000,-0.10000
 0.05500000000,-0.12000,-0.10000
 0.05501000000,-0.08000,-0.06000
 0.05502000000,-0.08000,-0.06000
 0.05503000000,-0.08000,-0.06000
 0.05504000000,-0.04000,-0.06000
 0.05505000000,-0.08000,-0.06000
 0.05506000000,-0.08000,-0.06000
 0.05507000000,-0.04000,-0.06000
 0.05508000000,-0.08000,-0.06000
 0.05509000000,-0.04000,-0.06000
 0.05510000000,-0.08000,-0.06000
 0.05511000000,-0.04000,-0.06000
 0.05512000000,-0.08000,-0.06000
 0.05513000000,-0.08000,-0.02000
 0.05514000000,-0.08000,-0.02000
 0.05515000000,-0.04000,-0.02000
 0.05516000000,-0.04000,-0.02000
 0.05517000000,-0.08000,-0.02000
 0.05518000000,-0.08000,-0.02000
 0.05519000000,-0.08000,-0.02000
 0.05520000000,-0.08000,-0.02000
 0.05521000000,-0.08000,-0.02000
 0.05522000000,-0.08000,-0.06000
 0.05523000000,-0.08000,-0.02000
 0.05524000000,-0.08000,-0.06000
 0.05525000000,-0.08000,-0.02000
 0.05526000000,-0.08000,-0.02000
 0.05527000000,-0.08000,-0.02000
 0.05528000000,-0.08000,-0.02000
 0.05529000000,-0.08000,0.02000
 0.05530000000,-0.08000,0.02000
 0.05531000000,-0.08000,0.02000
 0.05532000000,-0.04000,0.02000
 0.05533000000,-0.08000,0.02000
 0.05534000000,-0.08000,0.02000
 0.05535000000,-0.08000,0.02000
 0.05536000000,-0.08000,0.02000
 0.05537000000,-0.08000,0.02000
 0.05538000000,-0.04000,0.02000
 0.05539000000,-0.08000,0.02000
 0.05540000000,-0.08000,0.02000
 0.05541000000,-0.04000,0.06000
 0.05542000000,-0.04000,0.02000
 0.05543000000,-0.08000,0.06000
 0.05544000000,-0.08000,0.06000
 0.05545000000,-0.08000,0.06000
 0.05546000000,-0.04000,0.06000
 0.05547000000,-0.04000,0.06000
 0.05548000000,-0.04000,0.06000
 0.05549000000,-0.04000,0.06000
 0.05550000000,-0.04000,0.06000
 0.05551000000,-0.08000,0.06000
 0.05552000000,-0.08000,0.06000
 0.05553000000,-0.08000,0.06000
 0.05554000000,-0.04000,0.06000
 0.05555000000,-0.04000,0.10000
 0.05556000000,-0.04000,0.10000
 0.05557000000,-0.04000,0.10000
 0.05558000000,-0.04000,0.10000
 0.05559000000,-0.04000,0.06000
 0.05560000000,-0.08000,0.10000
 0.05561000000,-0.04000,0.10000
 0.05562000000,-0.08000,0.06000
 0.05563000000,-0.04000,0.10000
 0.05564000000,0.00,0.10000
 0.05565000000,0.00,0.10000
 0.05566000000,-0.04000,0.14000
 0.05567000000,-0.04000,0.10000
 0.05568000000,0.00,0.14000
 0.05569000000,-0.04000,0.14000
 0.05570000000,-0.04000,0.14000
 0.05571000000,-0.04000,0.10000
 0.05572000000,-0.04000,0.14000
 0.05573000000,-0.04000,0.14000
 0.05574000000,-0.04000,0.14000
 0.05575000000,0.00,0.14000
 0.05576000000,-0.04000,0.10000
 0.05577000000,-0.04000,0.14000
 0.05578000000,-0.04000,0.14000
 0.05579000000,-0.04000,0.10000
 0.05580000000,-0.04000,0.18000
 0.05581000000,-0.04000,0.18000
 0.05582000000,-0.04000,0.18000
 0.05583000000,-0.04000,0.18000
 0.05584000000,-0.04000,0.18000
 0.05585000000,-0.04000,0.18000
 0.05586000000,0.00,0.18000
 0.05587000000,-0.04000,0.18000
 0.05588000000,-0.04000,0.18000
 0.05589000000,0.00,0.18000
 0.05590000000,0.00,0.14000
 0.05591000000,0.00,0.14000
 0.05592000000,0.00,0.14000
 0.05593000000,0.00,0.22000
 0.05594000000,0.00,0.22000
 0.05595000000,0.00,0.22000
 0.05596000000,0.00,0.22000
 0.05597000000,0.00,0.22000
 0.05598000000,0.00,0.18000
 0.05599000000,0.00,0.22000
 0.05600000000,0.04000,0.22000
 0.05601000000,0.04000,0.18000
 0.05602000000,0.08000,0.22000
 0.05603000000,0.04000,0.22000
 0.05604000000,0.04000,0.22000
 0.05605000000,0.04000,0.22000
 0.05606000000,0.04000,0.18000
 0.05607000000,0.04000,0.26000
 0.05608000000,0.04000,0.22000
 0.05609000000,0.04000,0.22000
 0.05610000000,0.08000,0.26000
 0.05611000000,0.08000,0.26000
 0.05612000000,0.12000,0.26000
 0.05613000000,0.08000,0.26000
 0.05614000000,0.08000,0.26000
 0.05615000000,0.08000,0.22000
 0.05616000000,0.08000,0.26000
 0.05617000000,0.12000,0.26000
 0.05618000000,0.12000,0.26000
 0.05619000000,0.12000,0.26000
 0.05620000000,0.12000,0.30000
 0.05621000000,0.12000,0.30000
 0.05622000000,0.12000,0.30000
 0.05623000000,0.12000,0.30000
 0.05624000000,0.12000,0.30000
 0.05625000000,0.16000,0.30000
 0.05626000000,0.16000,0.30000
 0.05627000000,0.16000,0.30000
 0.05628000000,0.16000,0.30000
 0.05629000000,0.16000,0.30000
 0.05630000000,0.16000,0.30000
 0.05631000000,0.16000,0.30000
 0.05632000000,0.16000,0.30000
 0.05633000000,0.16000,0.34000
 0.05634000000,0.20000,0.34000
 0.05635000000,0.20000,0.34000
 0.05636000000,0.20000,0.34000
 0.05637000000,0.20000,0.34000
 0.05638000000,0.20000,0.34000
 0.05639000000,0.20000,0.34000
 0.05640000000,0.28000,0.34000
 0.05641000000,0.28000,0.34000
 0.05642000000,0.24000,0.34000
 0.05643000000,0.24000,0.34000
 0.05644000000,0.24000,0.34000
 0.05645000000,0.24000,0.34000
 0.05646000000,0.24000,0.38000
 0.05647000000,0.28000,0.38000
 0.05648000000,0.28000,0.38000
 0.05649000000,0.28000,0.38000
 0.05650000000,0.32000,0.38000
 0.05651000000,0.28000,0.38000
 0.05652000000,0.32000,0.38000
 0.05653000000,0.28000,0.38000
 0.05654000000,0.32000,0.38000
 0.05655000000,0.32000,0.38000
 0.05656000000,0.32000,0.38000
 0.05657000000,0.36000,0.38000
 0.05658000000,0.32000,0.38000
 0.05659000000,0.32000,0.42000
 0.05660000000,0.36000,0.38000
 0.05661000000,0.36000,0.42000
 0.05662000000,0.36000,0.42000
 0.05663000000,0.36000,0.42000
 0.05664000000,0.36000,0.42000
 0.05665000000,0.36000,0.42000
 0.05666000000,0.36000,0.42000
 0.05667000000,0.44000,0.42000
 0.05668000000,0.44000,0.42000
 0.05669000000,0.40000,0.42000
 0.05670000000,0.40000,0.42000
 0.05671000000,0.40000,0.42000
 0.05672000000,0.40000,0.46000
 0.05673000000,0.44000,0.42000
 0.05674000000,0.48000,0.46000
 0.05675000000,0.44000,0.46000
 0.05676000000,0.44000,0.46000
 0.05677000000,0.44000,0.46000
 0.05678000000,0.44000,0.46000
 0.05679000000,0.48000,0.46000
 0.05680000000,0.48000,0.46000
 0.05681000000,0.48000,0.46000
 0.05682000000,0.48000,0.46000
 0.05683000000,0.48000,0.46000
 0.05684000000,0.48000,0.46000
 0.05685000000,0.52000,0.46000
 0.05686000000,0.52000,0.46000
 0.05687000000,0.52000,0.50000
 0.05688000000,0.52000,0.50000
 0.05689000000,0.52000,0.50000
 0.05690000000,0.52000,0.50000
 0.05691000000,0.52000,0.50000
 0.05692000000,0.56000,0.50000
 0.05693000000,0.56000,0.50000
 0.05694000000,0.56000,0.50000
 0.05695000000,0.56000,0.50000
 0.05696000000,0.56000,0.50000
 0.05697000000,0.56000,0.50000
 0.05698000000,0.56000,0.50000
 0.05699000000,0.60000,0.50000
 0.05700000000,0.60000,0.54000
 0.05701000000,0.60000,0.54000
 0.05702000000,0.60000,0.54000
 0.05703000000,0.60000,0.54000
 0.05704000000,0.64000,0.54000
 0.05705000000,0.60000,0.54000
 0.05706000000,0.64000,0.54000
 0.05707000000,0.64000,0.54000
 0.05708000000,0.64000,0.54000
 0.05709000000,0.64000,0.54000
 0.05710000000,0.64000,0.54000
 0.05711000000,0.64000,0.54000
 0.05712000000,0.68000,0.58000
 0.05713000000,0.64000,0.58000
 0.05714000000,0.68000,0.58000
 0.05715000000,0.72000,0.58000
 0.05716000000,0.72000,0.58000
 0.05717000000,0.68000,0.58000
 0.05718000000,0.72000,0.58000
 0.05719000000,0.68000,0.58000
 0.05720000000,0.68000,0.58000
 0.05721000000,0.68000,0.58000
 0.05722000000,0.68000,0.58000
 0.05723000000,0.72000,0.58000
 0.05724000000,0.72000,0.58000
 0.05725000000,0.76000,0.62000
 0.05726000000,0.72000,0.62000
 0.05727000000,0.72000,0.62000
 0.05728000000,0.76000,0.62000
 0.05729000000,0.76000,0.62000
 0.05730000000,0.72000,0.62000
 0.05731000000,0.72000,0.62000
 0.05732000000,0.76000,0.62000
 0.05733000000,0.72000,0.62000
 0.05734000000,0.76000,0.66000
 0.05735000000,0.76000,0.62000
 0.05736000000,0.76000,0.62000
 0.05737000000,0.76000,0.66000
 0.05738000000,0.76000,0.66000
 0.05739000000,0.76000,0.62000
 0.05740000000,0.76000,0.66000
 0.05741000000,0.76000,0.66000
 0.05742000000,0.76000,0.66000
 0.05743000000,0.76000,0.66000
 0.05744000000,0.80000,0.66000
 0.05745000000,0.80000,0.66000
 0.05746000000,0.80000,0.70000
 0.05747000000,0.80000,0.66000
 0.05748000000,0.84000,0.66000
 0.05749000000,0.84000,0.66000
 0.05750000000,0.80000,0.66000
 0.05751000000,0.80000,0.70000
 0.05752000000,0.80000,0.70000
 0.05753000000,0.80000,0.70000
 0.05754000000,0.80000,0.70000
 0.05755000000,0.80000,0.70000
 0.05756000000,0.80000,0.70000
 0.05757000000,0.80000,0.70000
 0.05758000000,0.80000,0.70000
 0.05759000000,0.80000,0.70000
 0.05760000000,0.84000,0.74000
 0.05761000000,0.84000,0.70000
 0.05762000000,0.84000,0.70000
 0.05763000000,0.84000,0.70000
 0.05764000000,0.84000,0.70000
 0.05765000000,0.84000,0.78000
 0.05766000000,0.84000,0.74000
 0.05767000000,0.84000,0.78000
 0.05768000000,0.88000,0.74000
 0.05769000000,0.84000,0.74000
 0.05770000000,0.84000,0.74000
 0.05771000000,0.84000,0.74000
 0.05772000000,0.88000,0.74000
 0.05773000000,0.84000,0.74000
 0.05774000000,0.84000,0.74000
 0.05775000000,0.84000,0.74000
 0.05776000000,0.84000,0.74000
 0.05777000000,0.84000,0.78000
 0.05778000000,0.84000,0.78000
 0.05779000000,0.84000,0.78000
 0.05780000000,0.84000,0.78000
 0.05781000000,0.84000,0.82000
 0.05782000000,0.84000,0.82000
 0.05783000000,0.88000,0.78000
 0.05784000000,0.84000,0.78000
 0.05785000000,0.84000,0.78000
 0.05786000000,0.84000,0.78000
 0.05787000000,0.84000,0.82000
 0.05788000000,0.84000,0.78000
 0.05789000000,0.88000,0.82000
 0.05790000000,0.84000,0.82000
 0.05791000000,0.84000,0.78000
 0.05792000000,0.84000,0.82000
 0.05793000000,0.84000,0.82000
 0.05794000000,0.84000,0.82000
 0.05795000000,0.84000,0.82000
 0.05796000000,0.84000,0.82000
 0.05797000000,0.88000,0.82000
 0.05798000000,0.84000,0.82000
 0.05799000000,0.84000,0.82000
 0.05800000000,0.84000,0.82000
 0.05801000000,0.84000,0.82000
 0.05802000000,0.88000,0.86000
 0.05803000000,0.84000,0.86000
 0.05804000000,0.88000,0.90000
 0.05805000000,0.84000,0.86000
 0.05806000000,0.84000,0.86000
 0.05807000000,0.88000,0.86000
 0.05808000000,0.84000,0.90000
 0.05809000000,0.84000,0.86000
 0.05810000000,0.84000,0.86000
 0.05811000000,0.84000,0.86000
 0.05812000000,0.84000,0.86000
 0.05813000000,0.88000,0.86000
 0.05814000000,0.84000,0.90000
 0.05815000000,0.84000,0.90000
 0.05816000000,0.84000,0.90000
 0.05817000000,0.88000,0.86000
 0.05818000000,0.84000,0.90000
 0.05819000000,0.88000,0.90000
 0.05820000000,0.84000,0.90000
 0.05821000000,0.84000,0.90000
 0.05822000000,0.84000,0.90000
 0.05823000000,0.84000,0.94000
 0.05824000000,0.84000,0.90000
 0.05825000000,0.88000,0.90000
 0.05826000000,0.84000,0.90000
 0.05827000000,0.84000,0.90000
 0.05828000000,0.88000,0.90000
 0.05829000000,0.84000,0.90000
 0.05830000000,0.84000,0.94000
 0.05831000000,0.88000,0.90000
 0.05832000000,0.88000,0.94000
 0.05833000000,0.84000,0.94000
 0.05834000000,0.84000,0.94000
 0.05835000000,0.88000,0.94000
 0.05836000000,0.88000,0.94000
 0.05837000000,0.84000,0.94000
 0.05838000000,0.88000,0.94000
 0.05839000000,0.88000,0.94000
 0.05840000000,0.84000,0.94000
 0.05841000000,0.84000,0.94000
 0.05842000000,0.84000,0.98000
 0.05843000000,0.88000,0.98000
 0.05844000000,0.84000,0.98000
 0.05845000000,0.88000,0.98000
 0.05846000000,0.88000,0.98000
 0.05847000000,0.84000,0.98000
 0.05848000000,0.84000,0.98000
 0.05849000000,0.84000,0.98000
 0.05850000000,0.84000,0.98000
 0.05851000000,0.84000,0.98000
 0.05852000000,0.84000,0.98000
 0.05853000000,0.88000,0.98000
 0.05854000000,0.88000,0.98000
 0.05855000000,0.88000,1.02000
 0.05856000000,0.88000,1.02000
 0.05857000000,0.88000,1.02000
 0.05858000000,0.88000,1.02000
 0.05859000000,0.88000,1.06000
 0.05860000000,0.88000,1.02000
 0.05861000000,0.92000,1.02000
 0.05862000000,0.88000,1.06000
 0.05863000000,0.88000,1.02000
 0.05864000000,0.88000,1.06000
 0.05865000000,0.92000,1.02000
 0.05866000000,0.92000,1.02000
 0.05867000000,0.88000,1.02000
 0.05868000000,0.88000,1.06000
 0.05869000000,0.92000,1.06000
 0.05870000000,0.88000,1.10000
 0.05871000000,0.88000,1.06000
 0.05872000000,0.88000,1.06000
 0.05873000000,0.92000,1.06000
 0.05874000000,0.92000,1.06000
 0.05875000000,0.88000,1.06000
 0.05876000000,0.88000,1.06000
 0.05877000000,0.88000,1.06000
 0.05878000000,0.88000,1.06000
 0.05879000000,0.88000,1.10000
 0.05880000000,0.88000,1.06000
 0.05881000000,0.88000,1.06000
 0.05882000000,0.88000,1.06000
 0.05883000000,0.88000,1.10000
 0.05884000000,0.92000,1.10000
 0.05885000000,0.88000,1.10000
 0.05886000000,0.88000,1.10000
 0.05887000000,0.88000,1.10000
 0.05888000000,0.96000,1.14000
 0.05889000000,0.92000,1.14000
 0.05890000000,0.92000,1.14000
 0.05891000000,0.92000,1.10000
 0.05892000000,0.92000,1.10000
 0.05893000000,0.92000,1.18000
 0.05894000000,0.92000,1.10000
 0.05895000000,0.92000,1.10000
 0.05896000000,0.92000,1.10000
 0.05897000000,0.96000,1.18000
 0.05898000000,0.96000,1.14000
 0.05899000000,0.92000,1.14000
 0.05900000000,0.92000,1.18000
 0.05901000000,0.92000,1.14000
 0.05902000000,0.96000,1.14000
 0.05903000000,1.00000,1.14000
 0.05904000000,0.96000,1.18000
 0.05905000000,0.96000,1.14000
 0.05906000000,1.00000,1.18000
 0.05907000000,0.96000,1.18000
 0.05908000000,0.96000,1.14000
 0.05909000000,0.96000,1.18000
 0.05910000000,0.96000,1.18000
 0.05911000000,0.96000,1.18000
 0.05912000000,0.96000,1.18000
 0.05913000000,1.00000,1.22000
 0.05914000000,1.00000,1.22000
 0.05915000000,1.00000,1.22000
 0.05916000000,1.00000,1.18000
 0.05917000000,1.00000,1.22000
 0.05918000000,1.00000,1.22000
 0.05919000000,1.04000,1.18000
 0.05920000000,1.00000,1.18000
 0.05921000000,1.00000,1.18000
 0.05922000000,1.00000,1.18000
 0.05923000000,1.04000,1.22000
 0.05924000000,1.04000,1.22000
 0.05925000000,1.04000,1.22000
 0.05926000000,1.04000,1.22000
 0.05927000000,1.04000,1.22000
 0.05928000000,1.04000,1.22000
 0.05929000000,1.08000,1.22000
 0.05930000000,1.08000,1.22000
 0.05931000000,1.08000,1.26000
 0.05932000000,1.12000,1.22000
 0.05933000000,1.08000,1.26000
 0.05934000000,1.08000,1.22000
 0.05935000000,1.12000,1.22000
 0.05936000000,1.08000,1.26000
 0.05937000000,1.08000,1.26000
 0.05938000000,1.12000,1.30000
 0.05939000000,1.08000,1.26000
 0.05940000000,1.16000,1.26000
 0.05941000000,1.12000,1.26000
 0.05942000000,1.12000,1.26000
 0.05943000000,1.12000,1.26000
 0.05944000000,1.12000,1.30000
 0.05945000000,1.12000,1.26000
 0.05946000000,1.12000,1.26000
 0.05947000000,1.16000,1.26000
 0.05948000000,1.16000,1.26000
 0.05949000000,1.20000,1.30000
 0.05950000000,1.16000,1.30000
 0.05951000000,1.20000,1.34000
 0.05952000000,1.16000,1.34000
 0.05953000000,1.20000,1.30000
 0.05954000000,1.16000,1.34000
 0.05955000000,1.20000,1.34000
 0.05956000000,1.20000,1.30000
 0.05957000000,1.20000,1.30000
 0.05958000000,1.20000,1.30000
 0.05959000000,1.20000,1.30000
 0.05960000000,1.20000,1.34000
 0.05961000000,1.24000,1.30000
 0.05962000000,1.24000,1.34000
 0.05963000000,1.24000,1.34000
 0.05964000000,1.28000,1.34000
 0.05965000000,1.24000,1.34000
 0.05966000000,1.24000,1.34000
 0.05967000000,1.24000,1.38000
 0.05968000000,1.28000,1.34000
 0.05969000000,1.28000,1.34000
 0.05970000000,1.28000,1.34000
 0.05971000000,1.28000,1.38000
 0.05972000000,1.28000,1.38000
 0.05973000000,1.28000,1.38000
 0.05974000000,1.28000,1.34000
 0.05975000000,1.32000,1.42000
 0.05976000000,1.32000,1.42000
 0.05977000000,1.36000,1.42000
 0.05978000000,1.36000,1.38000
 0.05979000000,1.32000,1.38000
 0.05980000000,1.36000,1.38000
 0.05981000000,1.32000,1.38000
 0.05982000000,1.32000,1.38000
 0.05983000000,1.36000,1.42000
 0.05984000000,1.36000,1.38000
 0.05985000000,1.36000,1.38000
 0.05986000000,1.36000,1.42000
 0.05987000000,1.36000,1.38000
 0.05988000000,1.36000,1.42000
 0.05989000000,1.40000,1.42000
 0.05990000000,1.44000,1.42000
 0.05991000000,1.40000,1.42000
 0.05992000000,1.40000,1.42000
 0.05993000000,1.44000,1.42000
 0.05994000000,1.40000,1.42000
 0.05995000000,1.40000,1.42000
 0.05996000000,1.44000,1.42000
 0.05997000000,1.44000,1.46000
 0.05998000000,1.44000,1.46000
 0.05999000000,1.44000,1.42000
 0.06000000000,1.48000,1.42000
 0.06001000000,1.44000,1.42000
 0.06002000000,1.44000,1.46000
 0.06003000000,1.44000,1.46000
 0.06004000000,1.48000,1.50000
 0.06005000000,1.48000,1.46000
 0.06006000000,1.48000,1.50000
 0.06007000000,1.52000,1.50000
 0.06008000000,1.52000,1.46000
 0.06009000000,1.52000,1.50000
 0.06010000000,1.48000,1.50000
 0.06011000000,1.52000,1.46000
 0.06012000000,1.56000,1.46000
 0.06013000000,1.52000,1.50000
 0.06014000000,1.52000,1.50000
 0.06015000000,1.56000,1.54000
 0.06016000000,1.52000,1.50000
 0.06017000000,1.52000,1.54000
 0.06018000000,1.56000,1.50000
 0.06019000000,1.52000,1.54000
 0.06020000000,1.60000,1.54000
 0.06021000000,1.60000,1.50000
 0.06022000000,1.60000,1.54000
 0.06023000000,1.56000,1.50000
 0.06024000000,1.56000,1.50000
 0.06025000000,1.60000,1.50000
 0.06026000000,1.56000,1.50000
 0.06027000000,1.56000,1.54000
 0.06028000000,1.56000,1.50000
 0.06029000000,1.56000,1.58000
 0.06030000000,1.60000,1.54000
 0.06031000000,1.64000,1.54000
 0.06032000000,1.60000,1.54000
 0.06033000000,1.64000,1.58000
 0.06034000000,1.64000,1.54000
 0.06035000000,1.60000,1.54000
 0.06036000000,1.60000,1.54000
 0.06037000000,1.60000,1.54000
 0.06038000000,1.64000,1.58000
 0.06039000000,1.68000,1.58000
 0.06040000000,1.68000,1.58000
 0.06041000000,1.64000,1.54000
 0.06042000000,1.68000,1.62000
 0.06043000000,1.64000,1.58000
 0.06044000000,1.64000,1.58000
 0.06045000000,1.68000,1.58000
 0.06046000000,1.64000,1.58000
 0.06047000000,1.68000,1.62000
 0.06048000000,1.64000,1.62000
 0.06049000000,1.68000,1.58000
 0.06050000000,1.72000,1.58000
 0.06051000000,1.68000,1.62000
 0.06052000000,1.68000,1.62000
 0.06053000000,1.72000,1.62000
 0.06054000000,1.68000,1.58000
 0.06055000000,1.68000,1.62000
 0.06056000000,1.68000,1.62000
 0.06057000000,1.72000,1.66000
 0.06058000000,1.72000,1.62000
 0.06059000000,1.68000,1.62000
 0.06060000000,1.68000,1.62000
 0.06061000000,1.68000,1.62000
 0.06062000000,1.72000,1.66000
 0.06063000000,1.72000,1.62000
 0.06064000000,1.76000,1.62000
 0.06065000000,1.76000,1.66000
 0.06066000000,1.72000,1.62000
 0.06067000000,1.72000,1.62000
 0.06068000000,1.72000,1.70000
 0.06069000000,1.76000,1.66000
 0.06070000000,1.76000,1.66000
 0.06071000000,1.72000,1.70000
 0.06072000000,1.76000,1.66000
 0.06073000000,1.76000,1.66000
 0.06074000000,1.76000,1.66000
 0.06075000000,1.72000,1.70000
 0.06076000000,1.72000,1.66000
 0.06077000000,1.76000,1.66000
 0.06078000000,1.72000,1.70000
 0.06079000000,1.72000,1.70000
 0.06080000000,1.72000,1.70000
 0.06081000000,1.72000,1.66000
 0.06082000000,1.72000,1.70000
 0.06083000000,1.76000,1.70000
 0.06084000000,1.76000,1.74000
 0.06085000000,1.76000,1.74000
 0.06086000000,1.76000,1.70000
 0.06087000000,1.80000,1.70000
 0.06088000000,1.72000,1.70000
 0.06089000000,1.76000,1.70000
 0.06090000000,1.80000,1.70000
 0.06091000000,1.76000,1.70000
 0.06092000000,1.76000,1.70000
 0.06093000000,1.76000,1.70000
 0.06094000000,1.80000,1.70000
 0.06095000000,1.76000,1.74000
 0.06096000000,1.76000,1.74000
 0.06097000000,1.80000,1.74000
 0.06098000000,1.80000,1.78000
 0.06099000000,1.76000,1.74000
 0.06100000000,1.80000,1.74000
 0.06101000000,1.80000,1.78000
 0.06102000000,1.80000,1.74000
 0.06103000000,1.76000,1.78000
 0.06104000000,1.76000,1.78000
 0.06105000000,1.76000,1.74000
 0.06106000000,1.80000,1.78000
 0.06107000000,1.76000,1.78000
 0.06108000000,1.76000,1.78000
 0.06109000000,1.80000,1.82000
 0.06110000000,1.80000,1.78000
 0.06111000000,1.80000,1.78000
 0.06112000000,1.76000,1.82000
 0.06113000000,1.84000,1.82000
 0.06114000000,1.76000,1.78000
 0.06115000000,1.80000,1.78000
 0.06116000000,1.80000,1.78000
 0.06117000000,1.80000,1.78000
 0.06118000000,1.80000,1.78000
 0.06119000000,1.80000,1.78000
 0.06120000000,1.80000,1.78000
 0.06121000000,1.84000,1.86000
 0.06122000000,1.84000,1.86000
 0.06123000000,1.84000,1.82000
 0.06124000000,1.80000,1.86000
 0.06125000000,1.84000,1.86000
 0.06126000000,1.80000,1.82000
 0.06127000000,1.84000,1.82000
 0.06128000000,1.80000,1.86000
 0.06129000000,1.84000,1.86000
 0.06130000000,1.80000,1.86000
 0.06131000000,1.80000,1.86000
 0.06132000000,1.84000,1.86000
 0.06133000000,1.80000,1.82000
 0.06134000000,1.88000,1.86000
 0.06135000000,1.88000,1.86000
 0.06136000000,1.84000,1.86000
 0.06137000000,1.84000,1.90000
 0.06138000000,1.88000,1.90000
 0.06139000000,1.84000,1.90000
 0.06140000000,1.84000,1.90000
 0.06141000000,1.84000,1.86000
 0.06142000000,1.88000,1.90000
 0.06143000000,1.84000,1.86000
 0.06144000000,1.88000,1.86000
 0.06145000000,1.88000,1.86000
 0.06146000000,1.84000,1.90000
 0.06147000000,1.92000,1.90000
 0.06148000000,1.92000,1.86000
 0.06149000000,1.92000,1.90000
 0.06150000000,1.88000,1.94000
 0.06151000000,1.88000,1.90000
 0.06152000000,1.88000,1.90000
 0.06153000000,1.88000,1.90000
 0.06154000000,1.92000,1.90000
 0.06155000000,1.88000,1.94000
 0.06156000000,1.92000,1.90000
 0.06157000000,1.88000,1.90000
 0.06158000000,1.88000,1.90000
 0.06159000000,1.96000,1.94000
 0.06160000000,1.92000,1.94000
 0.06161000000,1.96000,1.90000
 0.06162000000,1.92000,1.94000
 0.06163000000,1.96000,1.98000
 0.06164000000,1.92000,1.94000
 0.06165000000,1.92000,1.94000
 0.06166000000,1.96000,1.98000
 0.06167000000,1.92000,1.94000
 0.06168000000,1.92000,1.98000
 0.06169000000,2.00000,1.98000
 0.06170000000,1.96000,1.94000
 0.06171000000,2.00000,1.94000
 0.06172000000,1.96000,1.98000
 0.06173000000,1.96000,1.98000
 0.06174000000,1.96000,1.94000
 0.06175000000,2.00000,1.98000
 0.06176000000,1.96000,2.02000
 0.06177000000,1.96000,1.98000
 0.06178000000,1.96000,2.02000
 0.06179000000,2.00000,2.02000
 0.06180000000,2.00000,2.02000
 0.06181000000,2.04000,1.98000
 0.06182000000,2.04000,2.02000
 0.06183000000,2.00000,2.02000
 0.06184000000,2.00000,1.98000
 0.06185000000,2.00000,1.98000
 0.06186000000,2.00000,2.02000
 0.06187000000,2.04000,2.02000
 0.06188000000,2.04000,2.02000
 0.06189000000,2.08000,2.06000
 0.06190000000,2.08000,2.02000
 0.06191000000,2.04000,2.06000
 0.06192000000,2.04000,2.02000
 0.06193000000,2.04000,2.06000
 0.06194000000,2.04000,2.06000
 0.06195000000,2.04000,2.06000
 0.06196000000,2.08000,2.06000
 0.06197000000,2.04000,2.02000
 0.06198000000,2.12000,2.02000
 0.06199000000,2.08000,2.06000
 0.06200000000,2.08000,2.02000
 0.06201000000,2.08000,2.06000
 0.06202000000,2.12000,2.06000
 0.06203000000,2.08000,2.10000
 0.06204000000,2.12000,2.06000
 0.06205000000,2.08000,2.10000
 0.06206000000,2.12000,2.10000
 0.06207000000,2.16000,2.10000
 0.06208000000,2.16000,2.10000
 0.06209000000,2.12000,2.06000
 0.06210000000,2.12000,2.06000
 0.06211000000,2.16000,2.10000
 0.06212000000,2.12000,2.10000
 0.06213000000,2.16000,2.06000
 0.06214000000,2.12000,2.06000
 0.06215000000,2.16000,2.10000
 0.06216000000,2.20000,2.14000
 0.06217000000,2.20000,2.14000
 0.06218000000,2.16000,2.14000
 0.06219000000,2.16000,2.14000
 0.06220000000,2.16000,2.10000
 0.06221000000,2.16000,2.10000
 0.06222000000,2.16000,2.14000
 0.06223000000,2.16000,2.14000
 0.06224000000,2.16000,2.14000
 0.06225000000,2.16000,2.10000
 0.06226000000,2.24000,2.14000
 0.06227000000,2.20000,2.14000
 0.06228000000,2.24000,2.14000
 0.06229000000,2.24000,2.14000
 0.06230000000,2.24000,2.18000
 0.06231000000,2.24000,2.18000
 0.06232000000,2.20000,2.18000
 0.06233000000,2.20000,2.18000
 0.06234000000,2.20000,2.18000
 0.06235000000,2.28000,2.14000
 0.06236000000,2.28000,2.14000
 0.06237000000,2.28000,2.14000
 0.06238000000,2.24000,2.14000
 0.06239000000,2.28000,2.22000
 0.06240000000,2.24000,2.14000
 0.06241000000,2.24000,2.18000
 0.06242000000,2.28000,2.22000
 0.06243000000,2.32000,2.22000
 0.06244000000,2.32000,2.22000
 0.06245000000,2.28000,2.18000
 0.06246000000,2.32000,2.18000
 0.06247000000,2.28000,2.22000
 0.06248000000,2.32000,2.18000
 0.06249000000,2.32000,2.18000
 0.06250000000,2.32000,2.18000
 0.06251000000,2.32000,2.22000
 0.06252000000,2.32000,2.18000
 0.06253000000,2.28000,2.22000
 0.06254000000,2.32000,2.22000
 0.06255000000,2.36000,2.26000
 0.06256000000,2.36000,2.22000
 0.06257000000,2.36000,2.26000
 0.06258000000,2.36000,2.22000
 0.06259000000,2.36000,2.26000
 0.06260000000,2.36000,2.26000
 0.06261000000,2.36000,2.22000
 0.06262000000,2.32000,2.26000
 0.06263000000,2.36000,2.26000
 0.06264000000,2.40000,2.22000
 0.06265000000,2.36000,2.26000
 0.06266000000,2.36000,2.26000
 0.06267000000,2.40000,2.26000
 0.06268000000,2.36000,2.30000
 0.06269000000,2.36000,2.22000
 0.06270000000,2.36000,2.26000
 0.06271000000,2.40000,2.30000
 0.06272000000,2.36000,2.30000
 0.06273000000,2.44000,2.30000
 0.06274000000,2.44000,2.26000
 0.06275000000,2.40000,2.30000
 0.06276000000,2.44000,2.30000
 0.06277000000,2.40000,2.26000
 0.06278000000,2.44000,2.30000
 0.06279000000,2.40000,2.30000
 0.06280000000,2.44000,2.30000
 0.06281000000,2.44000,2.30000
 0.06282000000,2.44000,2.30000
 0.06283000000,2.40000,2.34000
 0.06284000000,2.44000,2.34000
 0.06285000000,2.48000,2.34000
 0.06286000000,2.44000,2.34000
 0.06287000000,2.48000,2.34000
 0.06288000000,2.44000,2.34000
 0.06289000000,2.48000,2.30000
 0.06290000000,2.44000,2.34000
 0.06291000000,2.48000,2.34000
 0.06292000000,2.44000,2.34000
 0.06293000000,2.48000,2.34000
 0.06294000000,2.44000,2.34000
 0.06295000000,2.44000,2.38000
 0.06296000000,2.48000,2.34000
 0.06297000000,2.48000,2.38000
 0.06298000000,2.52000,2.38000
 0.06299000000,2.48000,2.38000
 0.06300000000,2.52000,2.38000
 0.06301000000,2.48000,2.34000
 0.06302000000,2.48000,2.38000
 0.06303000000,2.48000,2.34000
 0.06304000000,2.48000,2.38000
 0.06305000000,2.52000,2.38000
 0.06306000000,2.48000,2.34000
 0.06307000000,2.52000,2.34000
 0.06308000000,2.52000,2.38000
 0.06309000000,2.52000,2.42000
 0.06310000000,2.52000,2.42000
 0.06311000000,2.56000,2.42000
 0.06312000000,2.56000,2.42000
 0.06313000000,2.52000,2.42000
 0.06314000000,2.52000,2.42000
 0.06315000000,2.56000,2.42000
 0.06316000000,2.56000,2.42000
 0.06317000000,2.56000,2.38000
 0.06318000000,2.60000,2.42000
 0.06319000000,2.60000,2.38000
 0.06320000000,2.56000,2.42000
 0.06321000000,2.60000,2.42000
 0.06322000000,2.60000,2.42000
 0.06323000000,2.60000,2.46000
 0.06324000000,2.56000,2.46000
 0.06325000000,2.56000,2.46000
 0.06326000000,2.56000,2.42000
 0.06327000000,2.60000,2.46000
 0.06328000000,2.56000,2.46000
 0.06329000000,2.60000,2.42000
 0.06330000000,2.60000,2.46000
 0.06331000000,2.64000,2.42000
 0.06332000000,2.64000,2.42000
 0.06333000000,2.60000,2.42000
 0.06334000000,2.64000,2.46000
 0.06335000000,2.64000,2.46000
 0.06336000000,2.64000,2.50000
 0.06337000000,2.60000,2.50000
 0.06338000000,2.64000,2.50000
 0.06339000000,2.64000,2.50000
 0.06340000000,2.64000,2.46000
 0.06341000000,2.64000,2.50000
 0.06342000000,2.64000,2.50000
 0.06343000000,2.64000,2.50000
 0.06344000000,2.68000,2.50000
 0.06345000000,2.64000,2.46000
 0.06346000000,2.64000,2.46000
 0.06347000000,2.64000,2.50000
 0.06348000000,2.64000,2.54000
 0.06349000000,2.68000,2.54000
 0.06350000000,2.64000,2.54000
 0.06351000000,2.68000,2.54000
 0.06352000000,2.64000,2.54000
 0.06353000000,2.68000,2.54000
 0.06354000000,2.68000,2.50000
 0.06355000000,2.68000,2.54000
 0.06356000000,2.64000,2.54000
 0.06357000000,2.68000,2.50000
 0.06358000000,2.72000,2.54000
 0.06359000000,2.68000,2.54000
 0.06360000000,2.68000,2.54000
 0.06361000000,2.68000,2.54000
 0.06362000000,2.72000,2.54000
 0.06363000000,2.72000,2.58000
 0.06364000000,2.72000,2.58000
 0.06365000000,2.72000,2.58000
 0.06366000000,2.72000,2.54000
 0.06367000000,2.68000,2.58000
 0.06368000000,2.68000,2.54000
 0.06369000000,2.72000,2.54000
 0.06370000000,2.76000,2.54000
 0.06371000000,2.76000,2.54000
 0.06372000000,2.72000,2.58000
 0.06373000000,2.76000,2.54000
 0.06374000000,2.72000,2.58000
 0.06375000000,2.72000,2.58000
 0.06376000000,2.72000,2.62000
 0.06377000000,2.76000,2.62000
 0.06378000000,2.72000,2.62000
 0.06379000000,2.76000,2.58000
 0.06380000000,2.72000,2.62000
 0.06381000000,2.76000,2.62000
 0.06382000000,2.80000,2.62000
 0.06383000000,2.76000,2.58000
 0.06384000000,2.76000,2.62000
 0.06385000000,2.80000,2.62000
 0.06386000000,2.80000,2.58000
 0.06387000000,2.76000,2.62000
 0.06388000000,2.76000,2.62000
 0.06389000000,2.80000,2.66000
 0.06390000000,2.76000,2.66000
 0.06391000000,2.76000,2.62000
 0.06392000000,2.76000,2.62000
 0.06393000000,2.84000,2.62000
 0.06394000000,2.80000,2.66000
 0.06395000000,2.84000,2.62000
 0.06396000000,2.84000,2.66000
 0.06397000000,2.80000,2.66000
 0.06398000000,2.84000,2.66000
 0.06399000000,2.84000,2.66000
 0.06400000000,2.84000,2.62000
 0.06401000000,2.84000,2.62000
 0.06402000000,2.84000,2.70000
 0.06403000000,2.80000,2.70000
 0.06404000000,2.84000,2.70000
 0.06405000000,2.88000,2.66000
 0.06406000000,2.88000,2.66000
 0.06407000000,2.88000,2.70000
 0.06408000000,2.84000,2.70000
 0.06409000000,2.88000,2.70000
 0.06410000000,2.84000,2.70000
 0.06411000000,2.88000,2.70000
 0.06412000000,2.88000,2.70000
 0.06413000000,2.88000,2.70000
 0.06414000000,2.84000,2.70000
 0.06415000000,2.88000,2.66000
 0.06416000000,2.92000,2.74000
 0.06417000000,2.92000,2.74000
 0.06418000000,2.92000,2.74000
 0.06419000000,2.92000,2.74000
 0.06420000000,2.92000,2.74000
 0.06421000000,2.92000,2.74000
 0.06422000000,2.92000,2.74000
 0.06423000000,2.88000,2.74000
 0.06424000000,2.88000,2.70000
 0.06425000000,2.92000,2.74000
 0.06426000000,2.92000,2.74000
 0.06427000000,2.96000,2.74000
 0.06428000000,2.96000,2.78000
 0.06429000000,2.92000,2.78000
 0.06430000000,2.96000,2.78000
 0.06431000000,2.92000,2.78000
 0.06432000000,2.92000,2.78000
 0.06433000000,2.96000,2.78000
 0.06434000000,2.92000,2.78000
 0.06435000000,2.96000,2.78000
 0.06436000000,2.96000,2.78000
 0.06437000000,2.96000,2.78000
 0.06438000000,3.00000,2.74000
 0.06439000000,3.00000,2.78000
 0.06440000000,2.96000,2.74000
 0.06441000000,3.00000,2.74000
 0.06442000000,3.00000,2.74000
 0.06443000000,2.96000,2.78000
 0.06444000000,3.00000,2.78000
 0.06445000000,3.00000,2.78000
 0.06446000000,2.96000,2.78000
 0.06447000000,3.04000,2.82000
 0.06448000000,3.04000,2.78000
 0.06449000000,3.00000,2.82000
 0.06450000000,3.04000,2.82000
 0.06451000000,3.00000,2.78000
 0.06452000000,3.04000,2.78000
 0.06453000000,3.00000,2.82000
 0.06454000000,3.04000,2.86000
 0.06455000000,3.04000,2.82000
 0.06456000000,3.00000,2.86000
 0.06457000000,3.04000,2.86000
 0.06458000000,3.00000,2.86000
 0.06459000000,3.04000,2.86000
 0.06460000000,3.08000,2.86000
 0.06461000000,3.04000,2.86000
 0.06462000000,3.04000,2.86000
 0.06463000000,3.04000,2.86000
 0.06464000000,3.08000,2.86000
 0.06465000000,3.04000,2.86000
 0.06466000000,3.04000,2.82000
 0.06467000000,3.04000,2.86000
 0.06468000000,3.08000,2.86000
 0.06469000000,3.08000,2.90000
 0.06470000000,3.04000,2.82000
 0.06471000000,3.12000,2.90000
 0.06472000000,3.08000,2.90000
 0.06473000000,3.12000,2.90000
 0.06474000000,3.08000,2.90000
 0.06475000000,3.08000,2.90000
 0.06476000000,3.12000,2.90000
 0.06477000000,3.08000,2.90000
 0.06478000000,3.12000,2.90000
 0.06479000000,3.12000,2.90000
 0.06480000000,3.12000,2.90000
 0.06481000000,3.16000,2.94000
 0.06482000000,3.16000,2.94000
 0.06483000000,3.12000,2.94000
 0.06484000000,3.16000,2.94000
 0.06485000000,3.12000,2.94000
 0.06486000000,3.12000,2.94000
 0.06487000000,3.12000,2.94000
 0.06488000000,3.12000,2.94000
 0.06489000000,3.16000,2.94000
 0.06490000000,3.12000,2.94000
 0.06491000000,3.16000,2.94000
 0.06492000000,3.16000,2.94000
 0.06493000000,3.20000,2.94000
 0.06494000000,3.16000,2.94000
 0.06495000000,3.20000,2.94000
 0.06496000000,3.20000,2.98000
 0.06497000000,3.16000,2.94000
 0.06498000000,3.16000,2.98000
 0.06499000000,3.20000,2.94000
 0.06500000000,3.20000,2.94000
 0.06501000000,3.20000,2.98000
 0.06502000000,3.16000,2.98000
 0.06503000000,3.24000,2.98000
 0.06504000000,3.24000,2.94000
 0.06505000000,3.20000,2.98000
 0.06506000000,3.20000,2.94000
 0.06507000000,3.24000,2.98000
 0.06508000000,3.20000,2.98000
 0.06509000000,3.20000,2.98000
 0.06510000000,3.24000,2.98000
 0.06511000000,3.24000,3.02000
 0.06512000000,3.24000,3.02000
 0.06513000000,3.20000,3.02000
 0.06514000000,3.24000,3.02000
 0.06515000000,3.24000,3.02000
 0.06516000000,3.28000,3.02000
 0.06517000000,3.28000,3.02000
 0.06518000000,3.28000,2.98000
 0.06519000000,3.28000,2.98000
 0.06520000000,3.28000,3.02000
 0.06521000000,3.28000,3.02000
 0.06522000000,3.28000,3.06000
 0.06523000000,3.24000,3.06000
 0.06524000000,3.28000,3.06000
 0.06525000000,3.28000,3.06000
 0.06526000000,3.32000,3.06000
 0.06527000000,3.28000,3.06000
 0.06528000000,3.28000,3.06000
 0.06529000000,3.32000,3.06000
 0.06530000000,3.28000,3.06000
 0.06531000000,3.28000,3.06000
 0.06532000000,3.28000,3.10000
 0.06533000000,3.32000,3.06000
 0.06534000000,3.32000,3.06000
 0.06535000000,3.32000,3.10000
 0.06536000000,3.32000,3.10000
 0.06537000000,3.32000,3.10000
 0.06538000000,3.32000,3.10000
 0.06539000000,3.32000,3.10000
 0.06540000000,3.32000,3.10000
 0.06541000000,3.32000,3.10000
 0.06542000000,3.32000,3.10000
 0.06543000000,3.32000,3.10000
 0.06544000000,3.36000,3.06000
 0.06545000000,3.32000,3.10000
 0.06546000000,3.32000,3.10000
 0.06547000000,3.36000,3.10000
 0.06548000000,3.36000,3.14000
 0.06549000000,3.36000,3.14000
 0.06550000000,3.32000,3.14000
 0.06551000000,3.40000,3.14000
 0.06552000000,3.36000,3.14000
 0.06553000000,3.40000,3.14000
 0.06554000000,3.40000,3.14000
 0.06555000000,3.40000,3.14000
 0.06556000000,3.40000,3.10000
 0.06557000000,3.40000,3.14000
 0.06558000000,3.40000,3.14000
 0.06559000000,3.40000,3.14000
 0.06560000000,3.36000,3.14000
 0.06561000000,3.40000,3.14000
 0.06562000000,3.44000,3.14000
 0.06563000000,3.44000,3.18000
 0.06564000000,3.44000,3.18000
 0.06565000000,3.44000,3.18000
 0.06566000000,3.44000,3.18000
 0.06567000000,3.40000,3.18000
 0.06568000000,3.44000,3.18000
 0.06569000000,3.40000,3.18000
 0.06570000000,3.44000,3.18000
 0.06571000000,3.40000,3.18000
 0.06572000000,3.44000,3.18000
 0.06573000000,3.44000,3.18000
 0.06574000000,3.44000,3.18000
 0.06575000000,3.44000,3.18000
 0.06576000000,3.48000,3.22000
 0.06577000000,3.48000,3.22000
 0.06578000000,3.48000,3.22000
 0.06579000000,3.44000,3.22000
 0.06580000000,3.48000,3.22000
 0.06581000000,3.44000,3.22000
 0.06582000000,3.44000,3.22000
 0.06583000000,3.44000,3.22000
 0.06584000000,3.44000,3.22000
 0.06585000000,3.48000,3.22000
 0.06586000000,3.44000,3.22000
 0.06587000000,3.52000,3.22000
 0.06588000000,3.48000,3.22000
 0.06589000000,3.52000,3.26000
 0.06590000000,3.52000,3.26000
 0.06591000000,3.52000,3.26000
 0.06592000000,3.52000,3.26000
 0.06593000000,3.52000,3.26000
 0.06594000000,3.48000,3.26000
 0.06595000000,3.52000,3.26000
 0.06596000000,3.56000,3.26000
 0.06597000000,3.56000,3.26000
 0.06598000000,3.56000,3.26000
 0.06599000000,3.48000,3.26000
 0.06600000000,3.56000,3.30000
 0.06601000000,3.56000,3.26000
 0.06602000000,3.56000,3.30000
 0.06603000000,3.56000,3.30000
 0.06604000000,3.52000,3.30000
 0.06605000000,3.56000,3.30000
 0.06606000000,3.52000,3.30000
 0.06607000000,3.52000,3.30000
 0.06608000000,3.56000,3.30000
 0.06609000000,3.56000,3.30000
 0.06610000000,3.60000,3.30000
 0.06611000000,3.56000,3.30000
 0.06612000000,3.60000,3.30000
 0.06613000000,3.60000,3.30000
 0.06614000000,3.60000,3.30000
 0.06615000000,3.60000,3.30000
 0.06616000000,3.60000,3.34000
 0.06617000000,3.60000,3.34000
 0.06618000000,3.60000,3.34000
 0.06619000000,3.60000,3.34000
 0.06620000000,3.56000,3.34000
 0.06621000000,3.64000,3.34000
 0.06622000000,3.56000,3.34000
 0.06623000000,3.64000,3.34000
 0.06624000000,3.60000,3.34000
 0.06625000000,3.64000,3.34000
 0.06626000000,3.64000,3.34000
 0.06627000000,3.64000,3.34000
 0.06628000000,3.64000,3.34000
 0.06629000000,3.60000,3.38000
 0.06630000000,3.64000,3.38000
 0.06631000000,3.64000,3.38000
 0.06632000000,3.64000,3.38000
 0.06633000000,3.64000,3.38000
 0.06634000000,3.64000,3.38000
 0.06635000000,3.64000,3.38000
 0.06636000000,3.64000,3.38000
 0.06637000000,3.64000,3.38000
 0.06638000000,3.64000,3.38000
 0.06639000000,3.68000,3.38000
 0.06640000000,3.68000,3.38000
 0.06641000000,3.64000,3.38000
 0.06642000000,3.68000,3.42000
 0.06643000000,3.68000,3.38000
 0.06644000000,3.68000,3.42000
 0.06645000000,3.68000,3.42000
 0.06646000000,3.72000,3.42000
 0.06647000000,3.72000,3.42000
 0.06648000000,3.72000,3.42000
 0.06649000000,3.72000,3.42000
 0.06650000000,3.72000,3.42000
 0.06651000000,3.68000,3.42000
 0.06652000000,3.68000,3.42000
 0.06653000000,3.72000,3.42000
 0.06654000000,3.72000,3.42000
 0.06655000000,3.72000,3.42000
 0.06656000000,3.68000,3.46000
 0.06657000000,3.76000,3.46000
 0.06658000000,3.72000,3.46000
 0.06659000000,3.72000,3.46000
 0.06660000000,3.76000,3.46000
 0.06661000000,3.72000,3.46000
 0.06662000000,3.76000,3.46000
 0.06663000000,3.76000,3.46000
 0.06664000000,3.76000,3.46000
 0.06665000000,3.76000,3.46000
 0.06666000000,3.72000,3.46000
 0.06667000000,3.76000,3.46000
 0.06668000000,3.76000,3.50000
 0.06669000000,3.76000,3.46000
 0.06670000000,3.72000,3.50000
 0.06671000000,3.80000,3.50000
 0.06672000000,3.76000,3.50000
 0.06673000000,3.76000,3.50000
 0.06674000000,3.80000,3.50000
 0.06675000000,3.76000,3.50000
 0.06676000000,3.76000,3.50000
 0.06677000000,3.80000,3.50000
 0.06678000000,3.80000,3.50000
 0.06679000000,3.80000,3.50000
 0.06680000000,3.80000,3.50000
 0.06681000000,3.80000,3.54000
 0.06682000000,3.80000,3.50000
 0.06683000000,3.80000,3.54000
 0.06684000000,3.80000,3.54000
 0.06685000000,3.84000,3.54000
 0.06686000000,3.84000,3.54000
 0.06687000000,3.84000,3.54000
 0.06688000000,3.84000,3.54000
 0.06689000000,3.84000,3.54000
 0.06690000000,3.84000,3.54000
 0.06691000000,3.84000,3.54000
 0.06692000000,3.80000,3.54000
 0.06693000000,3.84000,3.54000
 0.06694000000,3.84000,3.54000
 0.06695000000,3.84000,3.54000
 0.06696000000,3.80000,3.58000
 0.06697000000,3.88000,3.58000
 0.06698000000,3.88000,3.58000
 0.06699000000,3.88000,3.58000
 0.06700000000,3.88000,3.58000
 0.06701000000,3.88000,3.62000
 0.06702000000,3.88000,3.58000
 0.06703000000,3.84000,3.58000
 0.06704000000,3.88000,3.58000
 0.06705000000,3.88000,3.58000
 0.06706000000,3.88000,3.58000
 0.06707000000,3.84000,3.58000
 0.06708000000,3.92000,3.62000
 0.06709000000,3.92000,3.62000
 0.06710000000,3.92000,3.62000
 0.06711000000,3.92000,3.62000
 0.06712000000,3.88000,3.62000
 0.06713000000,3.92000,3.62000
 0.06714000000,3.92000,3.62000
 0.06715000000,3.92000,3.66000
 0.06716000000,3.92000,3.62000
 0.06717000000,3.88000,3.62000
 0.06718000000,3.92000,3.62000
 0.06719000000,3.92000,3.62000
 0.06720000000,3.92000,3.62000
 0.06721000000,3.88000,3.62000
 0.06722000000,3.96000,3.66000
 0.06723000000,3.96000,3.62000
 0.06724000000,3.96000,3.62000
 0.06725000000,3.96000,3.70000
 0.06726000000,3.96000,3.66000
 0.06727000000,3.96000,3.66000
 0.06728000000,3.96000,3.66000
 0.06729000000,3.92000,3.66000
 0.06730000000,3.96000,3.66000
 0.06731000000,3.96000,3.66000
 0.06732000000,3.96000,3.66000
 0.06733000000,3.92000,3.66000
 0.06734000000,3.96000,3.70000
 0.06735000000,4.00000,3.66000
 0.06736000000,4.00000,3.74000
 0.06737000000,4.00000,3.70000
 0.06738000000,4.00000,3.70000
 0.06739000000,4.00000,3.70000
 0.06740000000,4.00000,3.70000
 0.06741000000,4.00000,3.70000
 0.06742000000,4.00000,3.74000
 0.06743000000,3.96000,3.74000
 0.06744000000,3.96000,3.70000
 0.06745000000,4.00000,3.70000
 0.06746000000,4.00000,3.74000
 0.06747000000,4.00000,3.70000
 0.06748000000,4.04000,3.70000
 0.06749000000,4.00000,3.70000
 0.06750000000,4.00000,3.78000
 0.06751000000,4.04000,3.74000
 0.06752000000,4.04000,3.74000
 0.06753000000,4.00000,3.74000
 0.06754000000,4.04000,3.74000
 0.06755000000,4.04000,3.74000
 0.06756000000,4.04000,3.74000
 0.06757000000,4.04000,3.74000
 0.06758000000,4.00000,3.78000
 0.06759000000,4.00000,3.74000
 0.06760000000,4.04000,3.74000
 0.06761000000,4.08000,3.74000
 0.06762000000,4.08000,3.74000
 0.06763000000,4.08000,3.74000
 0.06764000000,4.08000,3.78000
 0.06765000000,4.08000,3.78000
 0.06766000000,4.08000,3.78000
 0.06767000000,4.08000,3.78000
 0.06768000000,4.04000,3.78000
 0.06769000000,4.08000,3.78000
 0.06770000000,4.08000,3.78000
 0.06771000000,4.08000,3.78000
 0.06772000000,4.04000,3.78000
 0.06773000000,4.04000,3.82000
 0.06774000000,4.04000,3.78000
 0.06775000000,4.12000,3.78000
 0.06776000000,4.08000,3.78000
 0.06777000000,4.12000,3.78000
 0.06778000000,4.12000,3.78000
 0.06779000000,4.12000,3.82000
 0.06780000000,4.08000,3.82000
 0.06781000000,4.08000,3.82000
 0.06782000000,4.08000,3.82000
 0.06783000000,4.12000,3.82000
 0.06784000000,4.08000,3.82000
 0.06785000000,4.12000,3.82000
 0.06786000000,4.12000,3.86000
 0.06787000000,4.12000,3.82000
 0.06788000000,4.16000,3.82000
 0.06789000000,4.16000,3.82000
 0.06790000000,4.12000,3.82000
 0.06791000000,4.16000,3.82000
 0.06792000000,4.16000,3.86000
 0.06793000000,4.16000,3.86000
 0.06794000000,4.16000,3.86000
 0.06795000000,4.16000,3.82000
 0.06796000000,4.16000,3.82000
 0.06797000000,4.12000,3.82000
 0.06798000000,4.12000,3.82000
 0.06799000000,4.12000,3.86000
 0.06800000000,4.12000,3.86000
 0.06801000000,4.12000,3.86000
 0.06802000000,4.12000,3.82000
 0.06803000000,4.12000,3.82000
 0.06804000000,4.12000,3.82000
 0.06805000000,4.12000,3.82000
 0.06806000000,4.12000,3.78000
 0.06807000000,4.12000,3.78000
 0.06808000000,4.08000,3.78000
 0.06809000000,4.12000,3.82000
 0.06810000000,4.12000,3.78000
 0.06811000000,4.08000,3.78000
 0.06812000000,4.04000,3.78000
 0.06813000000,4.04000,3.78000
 0.06814000000,4.08000,3.78000
 0.06815000000,4.04000,3.78000
 0.06816000000,4.08000,3.78000
 0.06817000000,4.04000,3.78000
 0.06818000000,4.08000,3.74000
 0.06819000000,4.04000,3.74000
 0.06820000000,4.04000,3.74000
 0.06821000000,4.00000,3.74000
 0.06822000000,4.04000,3.74000
 0.06823000000,4.00000,3.74000
 0.06824000000,4.00000,3.74000
 0.06825000000,4.04000,3.74000
 0.06826000000,4.04000,3.74000
 0.06827000000,4.04000,3.74000
 0.06828000000,4.04000,3.78000
 0.06829000000,4.04000,3.70000
 0.06830000000,4.00000,3.70000
 0.06831000000,4.00000,3.74000
 0.06832000000,4.00000,3.70000
 0.06833000000,3.96000,3.70000
 0.06834000000,3.96000,3.70000
 0.06835000000,4.00000,3.70000
 0.06836000000,3.96000,3.70000
 0.06837000000,3.96000,3.70000
 0.06838000000,4.00000,3.70000
 0.06839000000,4.00000,3.66000
 0.06840000000,4.00000,3.66000
 0.06841000000,3.96000,3.70000
 0.06842000000,3.96000,3.70000
 0.06843000000,3.96000,3.66000
 0.06844000000,3.96000,3.66000
 0.06845000000,3.96000,3.66000
 0.06846000000,3.96000,3.66000
 0.06847000000,3.96000,3.66000
 0.06848000000,3.96000,3.66000
 0.06849000000,3.96000,3.70000
 0.06850000000,3.96000,3.66000
 0.06851000000,3.96000,3.62000
 0.06852000000,3.96000,3.66000
 0.06853000000,3.96000,3.62000
 0.06854000000,3.92000,3.66000
 0.06855000000,3.88000,3.62000
 0.06856000000,3.92000,3.62000
 0.06857000000,3.92000,3.62000
 0.06858000000,3.92000,3.62000
 0.06859000000,3.92000,3.66000
 0.06860000000,3.88000,3.66000
 0.06861000000,3.88000,3.62000
 0.06862000000,3.88000,3.58000
 0.06863000000,3.88000,3.58000
 0.06864000000,3.84000,3.58000
 0.06865000000,3.88000,3.58000
 0.06866000000,3.84000,3.58000
 0.06867000000,3.84000,3.62000
 0.06868000000,3.84000,3.58000
 0.06869000000,3.88000,3.58000
 0.06870000000,3.88000,3.58000
 0.06871000000,3.84000,3.58000
 0.06872000000,3.88000,3.58000
 0.06873000000,3.84000,3.58000
 0.06874000000,3.88000,3.54000
 0.06875000000,3.80000,3.54000
 0.06876000000,3.84000,3.54000
 0.06877000000,3.84000,3.54000
 0.06878000000,3.84000,3.54000
 0.06879000000,3.84000,3.54000
 0.06880000000,3.84000,3.54000
 0.06881000000,3.80000,3.54000
 0.06882000000,3.84000,3.54000
 0.06883000000,3.84000,3.54000
 0.06884000000,3.84000,3.54000
 0.06885000000,3.80000,3.54000
 0.06886000000,3.76000,3.50000
 0.06887000000,3.80000,3.50000
 0.06888000000,3.76000,3.50000
 0.06889000000,3.76000,3.50000
 0.06890000000,3.80000,3.50000
 0.06891000000,3.80000,3.50000
 0.06892000000,3.80000,3.50000
 0.06893000000,3.80000,3.50000
 0.06894000000,3.80000,3.50000
 0.06895000000,3.80000,3.50000
 0.06896000000,3.76000,3.50000
 0.06897000000,3.76000,3.46000
 0.06898000000,3.76000,3.46000
 0.06899000000,3.76000,3.46000
 0.06900000000,3.76000,3.46000
 0.06901000000,3.72000,3.46000
 0.06902000000,3.76000,3.46000
 0.06903000000,3.76000,3.46000
 0.06904000000,3.76000,3.46000
 0.06905000000,3.76000,3.46000
 0.06906000000,3.76000,3.46000
 0.06907000000,3.72000,3.42000
 0.06908000000,3.76000,3.42000
 0.06909000000,3.72000,3.42000
 0.06910000000,3.72000,3.42000
 0.06911000000,3.68000,3.42000
 0.06912000000,3.72000,3.42000
 0.06913000000,3.72000,3.42000
 0.06914000000,3.72000,3.42000
 0.06915000000,3.72000,3.42000
 0.06916000000,3.72000,3.42000
 0.06917000000,3.68000,3.42000
 0.06918000000,3.72000,3.42000
 0.06919000000,3.68000,3.42000
 0.06920000000,3.68000,3.42000
 0.06921000000,3.68000,3.38000
 0.06922000000,3.68000,3.38000
 0.06923000000,3.64000,3.38000
 0.06924000000,3.68000,3.38000
 0.06925000000,3.64000,3.38000
 0.06926000000,3.68000,3.38000
 0.06927000000,3.68000,3.38000
 0.06928000000,3.64000,3.38000
 0.06929000000,3.64000,3.38000
 0.06930000000,3.64000,3.34000
 0.06931000000,3.64000,3.34000
 0.06932000000,3.64000,3.34000
 0.06933000000,3.64000,3.34000
 0.06934000000,3.64000,3.34000
 0.06935000000,3.64000,3.34000
 0.06936000000,3.64000,3.34000
 0.06937000000,3.64000,3.34000
 0.06938000000,3.64000,3.34000
 0.06939000000,3.64000,3.34000
 0.06940000000,3.60000,3.34000
 0.06941000000,3.60000,3.34000
 0.06942000000,3.60000,3.34000
 0.06943000000,3.60000,3.30000
 0.06944000000,3.60000,3.30000
 0.06945000000,3.56000,3.30000
 0.06946000000,3.60000,3.30000
 0.06947000000,3.60000,3.30000
 0.06948000000,3.60000,3.30000
 0.06949000000,3.60000,3.30000
 0.06950000000,3.60000,3.30000
 0.06951000000,3.52000,3.30000
 0.06952000000,3.56000,3.30000
 0.06953000000,3.56000,3.30000
 0.06954000000,3.52000,3.30000
 0.06955000000,3.56000,3.26000
 0.06956000000,3.52000,3.26000
 0.06957000000,3.56000,3.26000
 0.06958000000,3.56000,3.26000
 0.06959000000,3.56000,3.26000
 0.06960000000,3.52000,3.26000
 0.06961000000,3.52000,3.26000
 0.06962000000,3.52000,3.26000
 0.06963000000,3.52000,3.26000
 0.06964000000,3.52000,3.26000
 0.06965000000,3.48000,3.26000
 0.06966000000,3.52000,3.26000
 0.06967000000,3.48000,3.26000
 0.06968000000,3.52000,3.22000
 0.06969000000,3.48000,3.18000
 0.06970000000,3.52000,3.22000
 0.06971000000,3.52000,3.22000
 0.06972000000,3.48000,3.22000
 0.06973000000,3.48000,3.22000
 0.06974000000,3.44000,3.22000
 0.06975000000,3.48000,3.22000
 0.06976000000,3.48000,3.22000
 0.06977000000,3.48000,3.22000
 0.06978000000,3.44000,3.18000
 0.06979000000,3.48000,3.18000
 0.06980000000,3.48000,3.22000
 0.06981000000,3.48000,3.14000
 0.06982000000,3.44000,3.18000
 0.06983000000,3.44000,3.18000
 0.06984000000,3.44000,3.18000
 0.06985000000,3.44000,3.18000
 0.06986000000,3.40000,3.18000
 0.06987000000,3.44000,3.18000
 0.06988000000,3.44000,3.18000
 0.06989000000,3.40000,3.18000
 0.06990000000,3.44000,3.14000
 0.06991000000,3.44000,3.18000
 0.06992000000,3.44000,3.18000
 0.06993000000,3.44000,3.14000
 0.06994000000,3.40000,3.14000
 0.06995000000,3.40000,3.10000
 0.06996000000,3.40000,3.14000
 0.06997000000,3.40000,3.10000
 0.06998000000,3.36000,3.14000
 0.06999000000,3.36000,3.14000
