Record Length,2000,Points,-31.99999992E-6,417.000025511E-3,
Sample Interval,31.99999909E-9,s,-31.96800026E-6,417.000025511E-3,
Trigger Point,1.0000001E3,Samples,-31.93600060E-6,417.000025511E-3,
,,,-31.90400093E-6,417.000025511E-3,
,,,-31.87200127E-6,417.000025511E-3,
,,,-31.84000161E-6,417.000025511E-3,
Source,CH1,,-31.80799831E-6,417.000025511E-3,
Vertical Units,V,,-31.77599865E-6,417.000025511E-3,
Vertical Scale,50.00000237E-3,,-31.74399899E-6,417.000025511E-3,
Vertical Offset,0,,-31.71199933E-6,417.000025511E-3,
Horizontal Units,s,,-31.67999967E-6,417.000025511E-3,
Horizontal Scale,6.39999982E-6,,-31.64800000E-6,417.000025511E-3,
Pt Fmt,Y,,-31.61600034E-6,417.000025511E-3,
Yzero,-3.30000000,,-31.58400068E-6,417.000025511E-3,
,,,-31.55200102E-6,417.000025511E-3,
,,,-31.52000136E-6,417.000025511E-3,
Note,TBS1102C - 11:34:41   29-Oct-24,,-31.48800170E-6,417.000025511E-3,
,,,-31.45599840E-6,417.000025511E-3,
,,,-31.42399873E-6,417.000025511E-3,
,,,-31.39199907E-6,417.000025511E-3,
,,,-31.35999941E-6,417.000025511E-3,
,,,-31.32799975E-6,417.000025511E-3,
,,,-31.29600009E-6,417.000025511E-3,
,,,-31.26400043E-6,417.000025511E-3,
,,,-31.23200077E-6,417.000025511E-3,
,,,-31.20000110E-6,417.000025511E-3,
,,,-31.16800144E-6,417.000025511E-3,
,,,-31.13599814E-6,417.000025511E-3,
,,,-31.10399848E-6,417.000025511E-3,
,,,-31.07199882E-6,417.000025511E-3,
,,,-31.03999916E-6,417.000025511E-3,
,,,-31.00799950E-6,417.000025511E-3,
,,,-30.97599983E-6,417.000025511E-3,
,,,-30.94400017E-6,417.000025511E-3,
,,,-30.91200051E-6,417.000025511E-3,
,,,-30.88000085E-6,417.000025511E-3,
,,,-30.84800119E-6,417.000025511E-3,
,,,-30.81600153E-6,417.000025511E-3,
,,,-30.78399823E-6,417.000025511E-3,
,,,-30.75199857E-6,417.000025511E-3,
,,,-30.71999890E-6,417.000025511E-3,
,,,-30.68799924E-6,417.000025511E-3,
,,,-30.65599958E-6,417.000025511E-3,
,,,-30.62399992E-6,417.000025511E-3,
,,,-30.59200026E-6,417.000025511E-3,
,,,-30.56000060E-6,417.000025511E-3,
,,,-30.52800093E-6,417.000025511E-3,
,,,-30.49599945E-6,417.000025511E-3,
,,,-30.46399979E-6,417.000025511E-3,
,,,-30.43200013E-6,417.000025511E-3,
,,,-30.40000047E-6,417.000025511E-3,
,,,-30.36800081E-6,417.000025511E-3,
,,,-30.33599933E-6,417.000025511E-3,
,,,-30.30399967E-6,417.000025511E-3,
,,,-30.27200000E-6,417.000025511E-3,
,,,-30.24000034E-6,417.000025511E-3,
,,,-30.20800068E-6,417.000025511E-3,
,,,-30.17599920E-6,417.000025511E-3,
,,,-30.14399954E-6,417.000025511E-3,
,,,-30.11199988E-6,417.000025511E-3,
,,,-30.08000022E-6,417.000025511E-3,
,,,-30.04800055E-6,417.000025511E-3,
,,,-30.01599907E-6,417.000025511E-3,
,,,-29.98399941E-6,417.000025511E-3,
,,,-29.95199975E-6,417.000025511E-3,
,,,-29.92000009E-6,417.000025511E-3,
,,,-29.88800043E-6,417.000025511E-3,
,,,-29.85600076E-6,417.000025511E-3,
,,,-29.82399928E-6,417.000025511E-3,
,,,-29.79199962E-6,417.000025511E-3,
,,,-29.75999996E-6,417.000025511E-3,
,,,-29.72800030E-6,417.000025511E-3,
,,,-29.69600064E-6,417.000025511E-3,
,,,-29.66399916E-6,417.000025511E-3,
,,,-29.63199950E-6,417.000025511E-3,
,,,-29.59999983E-6,417.000025511E-3,
,,,-29.56800017E-6,417.000025511E-3,
,,,-29.53600051E-6,417.000025511E-3,
,,,-29.50400085E-6,417.000025511E-3,
,,,-29.47199937E-6,417.000025511E-3,
,,,-29.43999971E-6,417.000025511E-3,
,,,-29.40800005E-6,417.000025511E-3,
,,,-29.37600038E-6,417.000025511E-3,
,,,-29.34400072E-6,417.000025511E-3,
,,,-29.31199924E-6,417.000025511E-3,
,,,-29.27999958E-6,417.000025511E-3,
,,,-29.24799992E-6,417.000025511E-3,
,,,-29.21600026E-6,417.000025511E-3,
,,,-29.18400060E-6,417.000025511E-3,
,,,-29.15199912E-6,417.000025511E-3,
,,,-29.11999945E-6,417.000025511E-3,
,,,-29.08799979E-6,417.000025511E-3,
,,,-29.05600013E-6,417.000025511E-3,
,,,-29.02400047E-6,417.000025511E-3,
,,,-28.99200081E-6,417.000025511E-3,
,,,-28.95999933E-6,417.000025511E-3,
,,,-28.92799967E-6,417.000025511E-3,
,,,-28.89600000E-6,417.000025511E-3,
,,,-28.86400034E-6,417.000025511E-3,
,,,-28.83200068E-6,417.000025511E-3,
,,,-28.79999920E-6,417.000025511E-3,
,,,-28.76799954E-6,417.000025511E-3,
,,,-28.73599988E-6,417.000025511E-3,
,,,-28.70400021E-6,417.000025511E-3,
,,,-28.67200055E-6,417.000025511E-3,
,,,-28.64000089E-6,417.000025511E-3,
,,,-28.60799941E-6,417.000025511E-3,
,,,-28.57599975E-6,417.000025511E-3,
,,,-28.54400009E-6,417.000025511E-3,
,,,-28.51200043E-6,417.000025511E-3,
,,,-28.48000076E-6,417.000025511E-3,
,,,-28.44799928E-6,417.000025511E-3,
,,,-28.41599962E-6,417.000025511E-3,
,,,-28.38399996E-6,417.000025511E-3,
,,,-28.35200030E-6,417.000025511E-3,
,,,-28.32000064E-6,417.000025511E-3,
,,,-28.28799916E-6,417.000025511E-3,
,,,-28.25599950E-6,417.000025511E-3,
,,,-28.22399983E-6,417.000025511E-3,
,,,-28.19200017E-6,417.000025511E-3,
,,,-28.16000051E-6,417.000025511E-3,
,,,-28.12800085E-6,417.000025511E-3,
,,,-28.09599937E-6,417.000025511E-3,
,,,-28.06399971E-6,417.000025511E-3,
,,,-28.03200005E-6,417.000025511E-3,
,,,-28.00000038E-6,417.000025511E-3,
,,,-27.96800072E-6,417.000025511E-3,
,,,-27.93599924E-6,417.000025511E-3,
,,,-27.90399958E-6,417.000025511E-3,
,,,-27.87199992E-6,417.000025511E-3,
,,,-27.84000026E-6,417.000025511E-3,
,,,-27.80800060E-6,417.000025511E-3,
,,,-27.77600093E-6,417.000025511E-3,
,,,-27.74399945E-6,417.000025511E-3,
,,,-27.71199979E-6,417.000025511E-3,
,,,-27.68000013E-6,417.000025511E-3,
,,,-27.64800047E-6,417.000025511E-3,
,,,-27.61600081E-6,417.000025511E-3,
,,,-27.58399933E-6,417.000025511E-3,
,,,-27.55199966E-6,417.000025511E-3,
,,,-27.52000000E-6,417.000025511E-3,
,,,-27.48800034E-6,417.000025511E-3,
,,,-27.45600068E-6,417.000025511E-3,
,,,-27.42399920E-6,417.000025511E-3,
,,,-27.39199954E-6,417.000025511E-3,
,,,-27.35999988E-6,417.000025511E-3,
,,,-27.32800021E-6,417.000025511E-3,
,,,-27.29600055E-6,417.000025511E-3,
,,,-27.26400089E-6,417.000025511E-3,
,,,-27.23199941E-6,417.000025511E-3,
,,,-27.19999975E-6,417.000025511E-3,
,,,-27.16800009E-6,417.000025511E-3,
,,,-27.13600043E-6,417.000025511E-3,
,,,-27.10400076E-6,417.000025511E-3,
,,,-27.07199928E-6,417.000025511E-3,
,,,-27.03999962E-6,417.000025511E-3,
,,,-27.00799996E-6,417.000025511E-3,
,,,-26.97600030E-6,417.000025511E-3,
,,,-26.94400064E-6,417.000025511E-3,
,,,-26.91199916E-6,417.000025511E-3,
,,,-26.87999950E-6,417.000025511E-3,
,,,-26.84799983E-6,417.000025511E-3,
,,,-26.81600017E-6,417.000025511E-3,
,,,-26.78400051E-6,417.000025511E-3,
,,,-26.75200085E-6,417.000025511E-3,
,,,-26.71999937E-6,417.000025511E-3,
,,,-26.68799971E-6,417.000025511E-3,
,,,-26.65600005E-6,417.000025511E-3,
,,,-26.62400038E-6,417.000025511E-3,
,,,-26.59200072E-6,417.000025511E-3,
,,,-26.55999924E-6,417.000025511E-3,
,,,-26.52799958E-6,417.000025511E-3,
,,,-26.49599992E-6,417.000025511E-3,
,,,-26.46400026E-6,417.000025511E-3,
,,,-26.43200060E-6,417.000025511E-3,
,,,-26.40000093E-6,417.000025511E-3,
,,,-26.36799945E-6,417.000025511E-3,
,,,-26.33599979E-6,417.000025511E-3,
,,,-26.30400013E-6,417.000025511E-3,
,,,-26.27200047E-6,417.000025511E-3,
,,,-26.24000081E-6,417.000025511E-3,
,,,-26.20799933E-6,417.000025511E-3,
,,,-26.17599966E-6,417.000025511E-3,
,,,-26.14400000E-6,417.000025511E-3,
,,,-26.11200034E-6,417.000025511E-3,
,,,-26.08000068E-6,417.000025511E-3,
,,,-26.04799920E-6,417.000025511E-3,
,,,-26.01599954E-6,417.000025511E-3,
,,,-25.98399988E-6,417.000025511E-3,
,,,-25.95200021E-6,417.000025511E-3,
,,,-25.92000055E-6,417.000025511E-3,
,,,-25.88800089E-6,417.000025511E-3,
,,,-25.85599941E-6,417.000025511E-3,
,,,-25.82399975E-6,417.000025511E-3,
,,,-25.79200009E-6,417.000025511E-3,
,,,-25.76000043E-6,417.000025511E-3,
,,,-25.72800076E-6,417.000025511E-3,
,,,-25.69599928E-6,417.000025511E-3,
,,,-25.66399962E-6,417.000025511E-3,
,,,-25.63199996E-6,417.000025511E-3,
,,,-25.60000030E-6,417.000025511E-3,
,,,-25.56800064E-6,417.000025511E-3,
,,,-25.53600098E-6,417.000025511E-3,
,,,-25.50399950E-6,417.000025511E-3,
,,,-25.47199983E-6,417.000025511E-3,
,,,-25.44000017E-6,417.000025511E-3,
,,,-25.40800051E-6,417.000025511E-3,
,,,-25.37600085E-6,417.000025511E-3,
,,,-25.34399937E-6,417.000025511E-3,
,,,-25.31199971E-6,417.000025511E-3,
,,,-25.28000005E-6,417.000025511E-3,
,,,-25.24800038E-6,417.000025511E-3,
,,,-25.21600072E-6,417.000025511E-3,
,,,-25.18399924E-6,417.000025511E-3,
,,,-25.15199958E-6,417.000025511E-3,
,,,-25.11999992E-6,417.000025511E-3,
,,,-25.08800026E-6,417.000025511E-3,
,,,-25.05600060E-6,417.000025511E-3,
,,,-25.02400093E-6,417.000025511E-3,
,,,-24.99199945E-6,417.000025511E-3,
,,,-24.95999979E-6,417.000025511E-3,
,,,-24.92800013E-6,417.000025511E-3,
,,,-24.89600047E-6,417.000025511E-3,
,,,-24.86400081E-6,417.000025511E-3,
,,,-24.83199933E-6,417.000025511E-3,
,,,-24.79999966E-6,417.000025511E-3,
,,,-24.76800000E-6,417.000025511E-3,
,,,-24.73600034E-6,417.000025511E-3,
,,,-24.70400068E-6,417.000025511E-3,
,,,-24.67200102E-6,417.000025511E-3,
,,,-24.63999954E-6,417.000025511E-3,
,,,-24.60799988E-6,417.000025511E-3,
,,,-24.57600021E-6,417.000025511E-3,
,,,-24.54400055E-6,417.000025511E-3,
,,,-24.51200089E-6,417.000025511E-3,
,,,-24.47999941E-6,417.000025511E-3,
,,,-24.44799975E-6,417.000025511E-3,
,,,-24.41600009E-6,417.000025511E-3,
,,,-24.38400043E-6,417.000025511E-3,
,,,-24.35200076E-6,417.000025511E-3,
,,,-24.31999928E-6,417.000025511E-3,
,,,-24.28799962E-6,417.000025511E-3,
,,,-24.25599996E-6,417.000025511E-3,
,,,-24.22400030E-6,417.000025511E-3,
,,,-24.19200064E-6,417.000025511E-3,
,,,-24.16000098E-6,417.000025511E-3,
,,,-24.12799950E-6,417.000025511E-3,
,,,-24.09599983E-6,417.000025511E-3,
,,,-24.06400017E-6,417.000025511E-3,
,,,-24.03200051E-6,417.000025511E-3,
,,,-24.00000085E-6,417.000025511E-3,
,,,-23.96799937E-6,417.000025511E-3,
,,,-23.93599971E-6,417.000025511E-3,
,,,-23.90400005E-6,417.000025511E-3,
,,,-23.87200038E-6,417.000025511E-3,
,,,-23.84000072E-6,417.000025511E-3,
,,,-23.80799924E-6,417.000025511E-3,
,,,-23.77599958E-6,417.000025511E-3,
,,,-23.74399992E-6,417.000025511E-3,
,,,-23.71200026E-6,417.000025511E-3,
,,,-23.68000060E-6,417.000025511E-3,
,,,-23.64800093E-6,417.000025511E-3,
,,,-23.61599945E-6,417.000025511E-3,
,,,-23.58399979E-6,417.000025511E-3,
,,,-23.55200013E-6,417.000025511E-3,
,,,-23.52000047E-6,417.000025511E-3,
,,,-23.48800081E-6,417.000025511E-3,
,,,-23.45599933E-6,417.000025511E-3,
,,,-23.42399966E-6,417.000025511E-3,
,,,-23.39200000E-6,417.000025511E-3,
,,,-23.36000034E-6,417.000025511E-3,
,,,-23.32800068E-6,417.000025511E-3,
,,,-23.29600102E-6,417.000025511E-3,
,,,-23.26399954E-6,417.000025511E-3,
,,,-23.23199988E-6,417.000025511E-3,
,,,-23.20000021E-6,417.000025511E-3,
,,,-23.16800055E-6,417.000025511E-3,
,,,-23.13600089E-6,417.000025511E-3,
,,,-23.10399941E-6,417.000025511E-3,
,,,-23.07199975E-6,417.000025511E-3,
,,,-23.04000009E-6,417.000025511E-3,
,,,-23.00800043E-6,417.000025511E-3,
,,,-22.97600076E-6,417.000025511E-3,
,,,-22.94399928E-6,417.000025511E-3,
,,,-22.91199962E-6,417.000025511E-3,
,,,-22.87999996E-6,417.000025511E-3,
,,,-22.84800030E-6,417.000025511E-3,
,,,-22.81600064E-6,417.000025511E-3,
,,,-22.78400098E-6,417.000025511E-3,
,,,-22.75199950E-6,417.000025511E-3,
,,,-22.71999983E-6,417.000025511E-3,
,,,-22.68800017E-6,417.000025511E-3,
,,,-22.65600051E-6,417.000025511E-3,
,,,-22.62400085E-6,417.000025511E-3,
,,,-22.59199937E-6,417.000025511E-3,
,,,-22.55999971E-6,417.000025511E-3,
,,,-22.52800004E-6,417.000025511E-3,
,,,-22.49600038E-6,417.000025511E-3,
,,,-22.46400072E-6,417.000025511E-3,
,,,-22.43200106E-6,417.000025511E-3,
,,,-22.39999958E-6,417.000025511E-3,
,,,-22.36799992E-6,417.000025511E-3,
,,,-22.33600026E-6,417.000025511E-3,
,,,-22.30400059E-6,417.000025511E-3,
,,,-22.27200093E-6,417.000025511E-3,
,,,-22.23999945E-6,417.000025511E-3,
,,,-22.20799979E-6,417.000025511E-3,
,,,-22.17600013E-6,417.000025511E-3,
,,,-22.14400047E-6,417.000025511E-3,
,,,-22.11200081E-6,417.000025511E-3,
,,,-22.07999933E-6,417.000025511E-3,
,,,-22.04799966E-6,417.000025511E-3,
,,,-22.01600000E-6,417.000025511E-3,
,,,-21.98400034E-6,417.000025511E-3,
,,,-21.95200068E-6,417.000025511E-3,
,,,-21.92000102E-6,417.000025511E-3,
,,,-21.88799954E-6,417.000025511E-3,
,,,-21.85599988E-6,417.000025511E-3,
,,,-21.82400021E-6,417.000025511E-3,
,,,-21.79200055E-6,417.000025511E-3,
,,,-21.76000089E-6,417.000025511E-3,
,,,-21.72799941E-6,417.000025511E-3,
,,,-21.69599975E-6,417.000025511E-3,
,,,-21.66400009E-6,417.000025511E-3,
,,,-21.63200043E-6,417.000025511E-3,
,,,-21.60000076E-6,417.000025511E-3,
,,,-21.56800110E-6,417.000025511E-3,
,,,-21.53599962E-6,417.000025511E-3,
,,,-21.50399996E-6,417.000025511E-3,
,,,-21.47200030E-6,417.000025511E-3,
,,,-21.44000064E-6,417.000025511E-3,
,,,-21.40800098E-6,417.000025511E-3,
,,,-21.37599949E-6,417.000025511E-3,
,,,-21.34399983E-6,417.000025511E-3,
,,,-21.31200017E-6,417.000025511E-3,
,,,-21.28000051E-6,417.000025511E-3,
,,,-21.24800085E-6,417.000025511E-3,
,,,-21.21599937E-6,417.000025511E-3,
,,,-21.18399971E-6,417.000025511E-3,
,,,-21.15200004E-6,417.000025511E-3,
,,,-21.12000038E-6,417.000025511E-3,
,,,-21.08800072E-6,417.000025511E-3,
,,,-21.05600106E-6,417.000025511E-3,
,,,-21.02399958E-6,417.000025511E-3,
,,,-20.99199992E-6,417.000025511E-3,
,,,-20.96000026E-6,417.000025511E-3,
,,,-20.92800059E-6,417.000025511E-3,
,,,-20.89600093E-6,417.000025511E-3,
,,,-20.86399945E-6,417.000025511E-3,
,,,-20.83199979E-6,417.000025511E-3,
,,,-20.80000013E-6,417.000025511E-3,
,,,-20.76800047E-6,417.000025511E-3,
,,,-20.73600081E-6,417.000025511E-3,
,,,-20.70400114E-6,417.000025511E-3,
,,,-20.67199966E-6,417.000025511E-3,
,,,-20.64000000E-6,417.000025511E-3,
,,,-20.60800034E-6,417.000025511E-3,
,,,-20.57600068E-6,417.000025511E-3,
,,,-20.54400102E-6,417.000025511E-3,
,,,-20.51199954E-6,417.000025511E-3,
,,,-20.47999988E-6,417.000025511E-3,
,,,-20.44800021E-6,417.000025511E-3,
,,,-20.41600055E-6,417.000025511E-3,
,,,-20.38400089E-6,417.000025511E-3,
,,,-20.35199941E-6,417.000025511E-3,
,,,-20.31999975E-6,417.000025511E-3,
,,,-20.28800009E-6,417.000025511E-3,
,,,-20.25600043E-6,417.000025511E-3,
,,,-20.22400076E-6,417.000025511E-3,
,,,-20.19200110E-6,417.000025511E-3,
,,,-20.15999962E-6,417.000025511E-3,
,,,-20.12799996E-6,417.000025511E-3,
,,,-20.09600030E-6,417.000025511E-3,
,,,-20.0640006E-6,417.000025511E-3,
,,,-20.0320010E-6,417.000025511E-3,
,,,-19.9999995E-6,417.000025511E-3,
,,,-19.9679998E-6,417.000025511E-3,
,,,-19.9360002E-6,417.000025511E-3,
,,,-19.9040005E-6,417.000025511E-3,
,,,-19.8720008E-6,417.000025511E-3,
,,,-19.8399994E-6,417.000025511E-3,
,,,-19.8079997E-6,417.000025511E-3,
,,,-19.7760000E-6,417.000025511E-3,
,,,-19.7440004E-6,417.000025511E-3,
,,,-19.7120007E-6,417.000025511E-3,
,,,-19.6800011E-6,417.000025511E-3,
,,,-19.6479996E-6,417.000025511E-3,
,,,-19.6159999E-6,417.000025511E-3,
,,,-19.5840003E-6,417.000025511E-3,
,,,-19.5520006E-6,417.000025511E-3,
,,,-19.5200009E-6,417.000025511E-3,
,,,-19.4879995E-6,417.000025511E-3,
,,,-19.4559998E-6,417.000025511E-3,
,,,-19.4240001E-6,417.000025511E-3,
,,,-19.3920005E-6,417.000025511E-3,
,,,-19.3600008E-6,417.000025511E-3,
,,,-19.3280011E-6,417.000025511E-3,
,,,-19.2959997E-6,417.000025511E-3,
,,,-19.2640000E-6,417.000025511E-3,
,,,-19.2320003E-6,417.000025511E-3,
,,,-19.2000007E-6,417.000025511E-3,
,,,-19.1680010E-6,417.000025511E-3,
,,,-19.1359995E-6,417.000025511E-3,
,,,-19.1039999E-6,417.000025511E-3,
,,,-19.0720002E-6,417.000025511E-3,
,,,-19.0400006E-6,417.000025511E-3,
,,,-19.0080009E-6,417.000025511E-3,
,,,-18.9759994E-6,417.000025511E-3,
,,,-18.9439997E-6,417.000025511E-3,
,,,-18.9120001E-6,417.000025511E-3,
,,,-18.8800004E-6,417.000025511E-3,
,,,-18.8480008E-6,417.000025511E-3,
,,,-18.8160011E-6,417.000025511E-3,
,,,-18.7839996E-6,417.000025511E-3,
,,,-18.7520000E-6,417.000025511E-3,
,,,-18.7200003E-6,417.000025511E-3,
,,,-18.6880006E-6,417.000025511E-3,
,,,-18.6560010E-6,417.000025511E-3,
,,,-18.6239995E-6,417.000025511E-3,
,,,-18.5919998E-6,417.000025511E-3,
,,,-18.5600002E-6,417.000025511E-3,
,,,-18.5280005E-6,417.000025511E-3,
,,,-18.4960008E-6,417.000025511E-3,
,,,-18.4640012E-6,417.000025511E-3,
,,,-18.4319997E-6,417.000025511E-3,
,,,-18.4000000E-6,417.000025511E-3,
,,,-18.3680004E-6,417.000025511E-3,
,,,-18.3360007E-6,417.000025511E-3,
,,,-18.3040011E-6,417.000025511E-3,
,,,-18.2719996E-6,417.000025511E-3,
,,,-18.2399999E-6,417.000025511E-3,
,,,-18.2080003E-6,417.000025511E-3,
,,,-18.1760006E-6,417.000025511E-3,
,,,-18.1440009E-6,417.000025511E-3,
,,,-18.1119995E-6,417.000025511E-3,
,,,-18.0799998E-6,417.000025511E-3,
,,,-18.0480001E-6,417.000025511E-3,
,,,-18.0160005E-6,417.000025511E-3,
,,,-17.9840008E-6,417.000025511E-3,
,,,-17.9520011E-6,417.000025511E-3,
,,,-17.9199997E-6,417.000025511E-3,
,,,-17.8880000E-6,417.000025511E-3,
,,,-17.8560003E-6,417.000025511E-3,
,,,-17.8240007E-6,417.000025511E-3,
,,,-17.7920010E-6,417.000025511E-3,
,,,-17.7599995E-6,417.000025511E-3,
,,,-17.7279999E-6,417.000025511E-3,
,,,-17.6960002E-6,417.000025511E-3,
,,,-17.6640006E-6,417.000025511E-3,
,,,-17.6320009E-6,417.000025511E-3,
,,,-17.6000012E-6,417.000025511E-3,
,,,-17.5679997E-6,417.000025511E-3,
,,,-17.5360001E-6,417.000025511E-3,
,,,-17.5040004E-6,417.000025511E-3,
,,,-17.4720008E-6,417.000025511E-3,
,,,-17.4400011E-6,417.000025511E-3,
,,,-17.4079996E-6,417.000025511E-3,
,,,-17.3760000E-6,417.000025511E-3,
,,,-17.3440003E-6,417.000025511E-3,
,,,-17.3120006E-6,417.000025511E-3,
,,,-17.2800010E-6,417.000025511E-3,
,,,-17.2479995E-6,417.000025511E-3,
,,,-17.2159998E-6,417.000025511E-3,
,,,-17.1840002E-6,417.000025511E-3,
,,,-17.1520005E-6,417.000025511E-3,
,,,-17.1200008E-6,417.000025511E-3,
,,,-17.0880012E-6,417.000025511E-3,
,,,-17.0559997E-6,417.000025511E-3,
,,,-17.0240000E-6,417.000025511E-3,
,,,-16.9920004E-6,417.000025511E-3,
,,,-16.9600007E-6,417.000025511E-3,
,,,-16.9280011E-6,417.000025511E-3,
,,,-16.8959996E-6,417.000025511E-3,
,,,-16.8639999E-6,417.000025511E-3,
,,,-16.8320003E-6,417.000025511E-3,
,,,-16.8000006E-6,417.000025511E-3,
,,,-16.7680009E-6,417.000025511E-3,
,,,-16.7359995E-6,417.000025511E-3,
,,,-16.7039998E-6,417.000025511E-3,
,,,-16.6720001E-6,417.000025511E-3,
,,,-16.6400005E-6,417.000025511E-3,
,,,-16.6080008E-6,417.000025511E-3,
,,,-16.5760011E-6,417.000025511E-3,
,,,-16.5439997E-6,417.000025511E-3,
,,,-16.5120000E-6,417.000025511E-3,
,,,-16.4800003E-6,417.000025511E-3,
,,,-16.4480007E-6,417.000025511E-3,
,,,-16.4160010E-6,417.000025511E-3,
,,,-16.3839995E-6,417.000025511E-3,
,,,-16.3519999E-6,417.000025511E-3,
,,,-16.3200002E-6,417.000025511E-3,
,,,-16.2880006E-6,417.000025511E-3,
,,,-16.2560009E-6,417.000025511E-3,
,,,-16.2240012E-6,417.000025511E-3,
,,,-16.1919997E-6,417.000025511E-3,
,,,-16.1600001E-6,417.000025511E-3,
,,,-16.1280004E-6,417.000025511E-3,
,,,-16.0960008E-6,417.000025511E-3,
,,,-16.0640011E-6,417.000025511E-3,
,,,-16.0319996E-6,417.000025511E-3,
,,,-16.0000000E-6,417.000025511E-3,
,,,-15.9680003E-6,417.000025511E-3,
,,,-15.9360006E-6,417.000025511E-3,
,,,-15.9040010E-6,417.000025511E-3,
,,,-15.8719995E-6,417.000025511E-3,
,,,-15.8399998E-6,417.000025511E-3,
,,,-15.8080002E-6,417.000025511E-3,
,,,-15.7760005E-6,417.000025511E-3,
,,,-15.7440008E-6,417.000025511E-3,
,,,-15.7120012E-6,417.000025511E-3,
,,,-15.6799997E-6,417.000025511E-3,
,,,-15.6480000E-6,417.000025511E-3,
,,,-15.6160004E-6,417.000025511E-3,
,,,-15.5840007E-6,417.000025511E-3,
,,,-15.5520011E-6,417.000025511E-3,
,,,-15.5199996E-6,417.000025511E-3,
,,,-15.4879999E-6,417.000025511E-3,
,,,-15.4560003E-6,417.000025511E-3,
,,,-15.4240006E-6,417.000025511E-3,
,,,-15.3920009E-6,417.000025511E-3,
,,,-15.3600013E-6,417.000025511E-3,
,,,-15.3279998E-6,417.000025511E-3,
,,,-15.2960001E-6,417.000025511E-3,
,,,-15.2640005E-6,417.000025511E-3,
,,,-15.2320008E-6,417.000025511E-3,
,,,-15.2000002E-6,417.000025511E-3,
,,,-15.1680006E-6,417.000025511E-3,
,,,-15.1360000E-6,417.000025511E-3,
,,,-15.1040003E-6,417.000025511E-3,
,,,-15.0720007E-6,417.000025511E-3,
,,,-15.0400001E-6,417.000025511E-3,
,,,-15.0080004E-6,417.000025511E-3,
,,,-14.9760008E-6,417.000025511E-3,
,,,-14.9440002E-6,417.000025511E-3,
,,,-14.9120006E-6,417.000025511E-3,
,,,-14.8800000E-6,417.000025511E-3,
,,,-14.8480003E-6,417.000025511E-3,
,,,-14.8160007E-6,417.000025511E-3,
,,,-14.7840001E-6,417.000025511E-3,
,,,-14.7520004E-6,417.000025511E-3,
,,,-14.7200008E-6,417.000025511E-3,
,,,-14.6880002E-6,417.000025511E-3,
,,,-14.6560005E-6,417.000025511E-3,
,,,-14.6240000E-6,417.000025511E-3,
,,,-14.5920003E-6,417.000025511E-3,
,,,-14.5600006E-6,417.000025511E-3,
,,,-14.5280001E-6,417.000025511E-3,
,,,-14.4960004E-6,417.000025511E-3,
,,,-14.4640007E-6,417.000025511E-3,
,,,-14.4320002E-6,417.000025511E-3,
,,,-14.4000005E-6,417.000025511E-3,
,,,-14.3680008E-6,417.000025511E-3,
,,,-14.3360003E-6,417.000025511E-3,
,,,-14.3040006E-6,417.000025511E-3,
,,,-14.2720000E-6,417.000025511E-3,
,,,-14.2400004E-6,417.000025511E-3,
,,,-14.2080007E-6,417.000025511E-3,
,,,-14.1760001E-6,417.000025511E-3,
,,,-14.1440005E-6,417.000025511E-3,
,,,-14.1120008E-6,417.000025511E-3,
,,,-14.0800003E-6,417.000025511E-3,
,,,-14.0480006E-6,417.000025511E-3,
,,,-14.0160000E-6,417.000025511E-3,
,,,-13.9840004E-6,417.000025511E-3,
,,,-13.9520007E-6,417.000025511E-3,
,,,-13.9200001E-6,417.000025511E-3,
,,,-13.8880005E-6,417.000025511E-3,
,,,-13.8560008E-6,417.000025511E-3,
,,,-13.8240002E-6,417.000025511E-3,
,,,-13.7920006E-6,417.000025511E-3,
,,,-13.7600000E-6,417.000025511E-3,
,,,-13.7280003E-6,417.000025511E-3,
,,,-13.6960007E-6,417.000025511E-3,
,,,-13.6640001E-6,417.000025511E-3,
,,,-13.6320004E-6,417.000025511E-3,
,,,-13.6000008E-6,417.000025511E-3,
,,,-13.5680002E-6,417.000025511E-3,
,,,-13.5360006E-6,417.000025511E-3,
,,,-13.5040009E-6,417.000025511E-3,
,,,-13.4720003E-6,417.000025511E-3,
,,,-13.4400007E-6,417.000025511E-3,
,,,-13.4080001E-6,417.000025511E-3,
,,,-13.3760004E-6,417.000025511E-3,
,,,-13.3440008E-6,417.000025511E-3,
,,,-13.3120002E-6,417.000025511E-3,
,,,-13.2800005E-6,417.000025511E-3,
,,,-13.2480009E-6,417.000025511E-3,
,,,-13.2160003E-6,417.000025511E-3,
,,,-13.1840006E-6,417.000025511E-3,
,,,-13.1520001E-6,417.000025511E-3,
,,,-13.1200004E-6,417.000025511E-3,
,,,-13.0880007E-6,417.000025511E-3,
,,,-13.0560002E-6,417.000025511E-3,
,,,-13.0240005E-6,417.000025511E-3,
,,,-12.9920008E-6,417.000025511E-3,
,,,-12.9600003E-6,417.000025511E-3,
,,,-12.9280006E-6,417.000025511E-3,
,,,-12.8960000E-6,417.000025511E-3,
,,,-12.8640004E-6,417.000025511E-3,
,,,-12.8320007E-6,417.000025511E-3,
,,,-12.8000001E-6,417.000025511E-3,
,,,-12.7680005E-6,417.000025511E-3,
,,,-12.7360008E-6,417.000025511E-3,
,,,-12.7040003E-6,417.000025511E-3,
,,,-12.6720006E-6,417.000025511E-3,
,,,-12.6400000E-6,417.000025511E-3,
,,,-12.6080004E-6,417.000025511E-3,
,,,-12.5760007E-6,417.000025511E-3,
,,,-12.5440001E-6,417.000025511E-3,
,,,-12.5120005E-6,417.000025511E-3,
,,,-12.4800008E-6,417.000025511E-3,
,,,-12.4480002E-6,417.000025511E-3,
,,,-12.4160006E-6,417.000025511E-3,
,,,-12.3840009E-6,417.000025511E-3,
,,,-12.3520003E-6,417.000025511E-3,
,,,-12.3200007E-6,417.000025511E-3,
,,,-12.2880001E-6,417.000025511E-3,
,,,-12.2560004E-6,417.000025511E-3,
,,,-12.2240008E-6,417.000025511E-3,
,,,-12.1920002E-6,417.000025511E-3,
,,,-12.1600006E-6,417.000025511E-3,
,,,-12.1280009E-6,417.000025511E-3,
,,,-12.0960003E-6,417.000025511E-3,
,,,-12.0640007E-6,417.000025511E-3,
,,,-12.0320001E-6,417.000025511E-3,
,,,-12.0000004E-6,417.000025511E-3,
,,,-11.9680008E-6,417.000025511E-3,
,,,-11.9360002E-6,417.000025511E-3,
,,,-11.9040005E-6,417.000025511E-3,
,,,-11.8720009E-6,417.000025511E-3,
,,,-11.8400003E-6,417.000025511E-3,
,,,-11.8080006E-6,417.000025511E-3,
,,,-11.7760001E-6,417.000025511E-3,
,,,-11.7440004E-6,417.000025511E-3,
,,,-11.7120007E-6,417.000025511E-3,
,,,-11.6800002E-6,417.000025511E-3,
,,,-11.6480005E-6,417.000025511E-3,
,,,-11.6160008E-6,417.000025511E-3,
,,,-11.5840003E-6,417.000025511E-3,
,,,-11.5520006E-6,417.000025511E-3,
,,,-11.5200000E-6,417.000025511E-3,
,,,-11.4880004E-6,417.000025511E-3,
,,,-11.4560007E-6,417.000025511E-3,
,,,-11.4240001E-6,417.000025511E-3,
,,,-11.3920005E-6,417.000025511E-3,
,,,-11.3600008E-6,417.000025511E-3,
,,,-11.3280003E-6,417.000025511E-3,
,,,-11.2960006E-6,417.000025511E-3,
,,,-11.2640009E-6,417.000025511E-3,
,,,-11.2320004E-6,417.000025511E-3,
,,,-11.2000007E-6,417.000025511E-3,
,,,-11.1680001E-6,417.000025511E-3,
,,,-11.1360005E-6,417.000025511E-3,
,,,-11.1040008E-6,417.000025511E-3,
,,,-11.0720002E-6,417.000025511E-3,
,,,-11.0400006E-6,417.000025511E-3,
,,,-11.0080009E-6,417.000025511E-3,
,,,-10.9760003E-6,417.000025511E-3,
,,,-10.9440007E-6,417.000025511E-3,
,,,-10.9120001E-6,417.000025511E-3,
,,,-10.8800004E-6,417.000025511E-3,
,,,-10.8480008E-6,417.000025511E-3,
,,,-10.8160002E-6,417.000025511E-3,
,,,-10.7840006E-6,417.000025511E-3,
,,,-10.7520009E-6,417.000025511E-3,
,,,-10.7200003E-6,417.000025511E-3,
,,,-10.6880007E-6,417.000025511E-3,
,,,-10.6560001E-6,417.000025511E-3,
,,,-10.6240004E-6,417.000025511E-3,
,,,-10.5920008E-6,417.000025511E-3,
,,,-10.5600002E-6,417.000025511E-3,
,,,-10.5280005E-6,417.000025511E-3,
,,,-10.4960009E-6,417.000025511E-3,
,,,-10.4640003E-6,417.000025511E-3,
,,,-10.4320006E-6,417.000025511E-3,
,,,-10.4000010E-6,417.000025511E-3,
,,,-10.3680004E-6,417.000025511E-3,
,,,-10.3360007E-6,417.000025511E-3,
,,,-10.3040002E-6,417.000025511E-3,
,,,-10.2720005E-6,417.000025511E-3,
,,,-10.2400008E-6,417.000025511E-3,
,,,-10.2080003E-6,417.000025511E-3,
,,,-10.1760006E-6,417.000025511E-3,
,,,-10.1440010E-6,417.000025511E-3,
,,,-10.1120004E-6,417.000025511E-3,
,,,-10.0800007E-6,417.000025511E-3,
,,,-10.0480001E-6,417.000025511E-3,
,,,-10.0160005E-6,417.000025511E-3,
,,,-9.984000826E-6,417.000025511E-3,
,,,-9.952000255E-6,417.000025511E-3,
,,,-9.920000593E-6,417.000025511E-3,
,,,-9.888000932E-6,417.000025511E-3,
,,,-9.856000361E-6,417.000025511E-3,
,,,-9.824000699E-6,417.000025511E-3,
,,,-9.792000128E-6,417.000025511E-3,
,,,-9.760000466E-6,417.000025511E-3,
,,,-9.728000805E-6,417.000025511E-3,
,,,-9.696000234E-6,417.000025511E-3,
,,,-9.664000572E-6,417.000025511E-3,
,,,-9.632000911E-6,417.000025511E-3,
,,,-9.600000340E-6,417.000025511E-3,
,,,-9.568000678E-6,417.000025511E-3,
,,,-9.536000107E-6,417.000025511E-3,
,,,-9.504000445E-6,417.000025511E-3,
,,,-9.472000784E-6,417.000025511E-3,
,,,-9.440000213E-6,417.000025511E-3,
,,,-9.408000551E-6,417.000025511E-3,
,,,-9.376000889E-6,417.000025511E-3,
,,,-9.344000318E-6,417.000025511E-3,
,,,-9.312000657E-6,417.000025511E-3,
,,,-9.280000995E-6,417.000025511E-3,
,,,-9.248000424E-6,417.000025511E-3,
,,,-9.216000763E-6,417.000025511E-3,
,,,-9.184000191E-6,417.000025511E-3,
,,,-9.152000530E-6,417.000025511E-3,
,,,-9.120000868E-6,417.000025511E-3,
,,,-9.088000297E-6,417.000025511E-3,
,,,-9.056000636E-6,417.000025511E-3,
,,,-9.024000974E-6,417.000025511E-3,
,,,-8.992000403E-6,417.000025511E-3,
,,,-8.960000741E-6,417.000025511E-3,
,,,-8.928000170E-6,417.000025511E-3,
,,,-8.896000509E-6,417.000025511E-3,
,,,-8.864000847E-6,417.000025511E-3,
,,,-8.832000276E-6,417.000025511E-3,
,,,-8.800000614E-6,417.000025511E-3,
,,,-8.768000953E-6,417.000025511E-3,
,,,-8.736000382E-6,417.000025511E-3,
,,,-8.704000720E-6,417.000025511E-3,
,,,-8.672000149E-6,417.000025511E-3,
,,,-8.640000488E-6,417.000025511E-3,
,,,-8.608000826E-6,417.000025511E-3,
,,,-8.576000255E-6,417.000025511E-3,
,,,-8.544000593E-6,417.000025511E-3,
,,,-8.512000932E-6,417.000025511E-3,
,,,-8.480000361E-6,417.000025511E-3,
,,,-8.448000699E-6,417.000025511E-3,
,,,-8.416001037E-6,417.000025511E-3,
,,,-8.384000466E-6,417.000025511E-3,
,,,-8.352000805E-6,417.000025511E-3,
,,,-8.320000234E-6,417.000025511E-3,
,,,-8.288000572E-6,417.000025511E-3,
,,,-8.256000910E-6,417.000025511E-3,
,,,-8.224000339E-6,417.000025511E-3,
,,,-8.192000678E-6,417.000025511E-3,
,,,-8.160001016E-6,417.000025511E-3,
,,,-8.128000445E-6,417.000025511E-3,
,,,-8.096000784E-6,417.000025511E-3,
,,,-8.064000212E-6,417.000025511E-3,
,,,-8.032000551E-6,417.000025511E-3,
,,,-8.000000889E-6,417.000025511E-3,
,,,-7.968000318E-6,417.000025511E-3,
,,,-7.936000657E-6,417.000025511E-3,
,,,-7.904000995E-6,417.000025511E-3,
,,,-7.872000424E-6,417.000025511E-3,
,,,-7.840000762E-6,417.000025511E-3,
,,,-7.808000191E-6,417.000025511E-3,
,,,-7.776000530E-6,417.000025511E-3,
,,,-7.744000868E-6,417.000025511E-3,
,,,-7.712000297E-6,417.000025511E-3,
,,,-7.680000635E-6,417.000025511E-3,
,,,-7.648000974E-6,417.000025511E-3,
,,,-7.616000403E-6,417.000025511E-3,
,,,-7.584000741E-6,417.000025511E-3,
,,,-7.552000625E-6,417.000025511E-3,
,,,-7.520000509E-6,417.000025511E-3,
,,,-7.488000392E-6,417.000025511E-3,
,,,-7.456000731E-6,417.000025511E-3,
,,,-7.424000614E-6,417.000025511E-3,
,,,-7.392000498E-6,417.000025511E-3,
,,,-7.36000084E-6,417.000025511E-3,
,,,-7.32800072E-6,417.000025511E-3,
,,,-7.29600060E-6,417.000025511E-3,
,,,-7.26400049E-6,417.000025511E-3,
,,,-7.23200083E-6,417.000025511E-3,
,,,-7.20000071E-6,417.000025511E-3,
,,,-7.16800059E-6,417.000025511E-3,
,,,-7.13600048E-6,417.000025511E-3,
,,,-7.10400082E-6,417.000025511E-3,
,,,-7.07200070E-6,417.000025511E-3,
,,,-7.04000058E-6,417.000025511E-3,
,,,-7.00800047E-6,417.000025511E-3,
,,,-6.97600080E-6,417.000025511E-3,
,,,-6.94400069E-6,417.000025511E-3,
,,,-6.91200057E-6,417.000025511E-3,
,,,-6.88000046E-6,417.000025511E-3,
,,,-6.84800079E-6,417.000025511E-3,
,,,-6.81600068E-6,417.000025511E-3,
,,,-6.78400056E-6,417.000025511E-3,
,,,-6.75200044E-6,417.000025511E-3,
,,,-6.72000078E-6,417.000025511E-3,
,,,-6.68800067E-6,417.000025511E-3,
,,,-6.65600055E-6,417.000025511E-3,
,,,-6.62400043E-6,417.000025511E-3,
,,,-6.59200077E-6,417.000025511E-3,
,,,-6.56000066E-6,417.000025511E-3,
,,,-6.52800054E-6,417.000025511E-3,
,,,-6.49600042E-6,417.000025511E-3,
,,,-6.46400076E-6,417.000025511E-3,
,,,-6.43200065E-6,417.000025511E-3,
,,,-6.40000053E-6,417.000025511E-3,
,,,-6.36800087E-6,417.000025511E-3,
,,,-6.33600075E-6,417.000025511E-3,
,,,-6.30400064E-6,417.000025511E-3,
,,,-6.27200052E-6,417.000025511E-3,
,,,-6.24000086E-6,417.000025511E-3,
,,,-6.20800074E-6,417.000025511E-3,
,,,-6.17600062E-6,417.000025511E-3,
,,,-6.14400051E-6,417.000025511E-3,
,,,-6.11200085E-6,417.000025511E-3,
,,,-6.08000073E-6,417.000025511E-3,
,,,-6.04800061E-6,417.000025511E-3,
,,,-6.01600050E-6,417.000025511E-3,
,,,-5.98400084E-6,417.000025511E-3,
,,,-5.95200072E-6,417.000025511E-3,
,,,-5.92000060E-6,417.000025511E-3,
,,,-5.88800049E-6,417.000025511E-3,
,,,-5.85600083E-6,417.000025511E-3,
,,,-5.82400071E-6,417.000025511E-3,
,,,-5.79200059E-6,417.000025511E-3,
,,,-5.76000048E-6,417.000025511E-3,
,,,-5.72800081E-6,417.000025511E-3,
,,,-5.69600070E-6,417.000025511E-3,
,,,-5.66400058E-6,417.000025511E-3,
,,,-5.63200047E-6,417.000025511E-3,
,,,-5.60000080E-6,417.000025511E-3,
,,,-5.56800069E-6,417.000025511E-3,
,,,-5.53600057E-6,417.000025511E-3,
,,,-5.50400046E-6,417.000025511E-3,
,,,-5.47200079E-6,417.000025511E-3,
,,,-5.44000068E-6,417.000025511E-3,
,,,-5.40800056E-6,417.000025511E-3,
,,,-5.37600044E-6,417.000025511E-3,
,,,-5.34400078E-6,417.000025511E-3,
,,,-5.31200067E-6,417.000025511E-3,
,,,-5.28000055E-6,417.000025511E-3,
,,,-5.24800089E-6,417.000025511E-3,
,,,-5.21600077E-6,417.000025511E-3,
,,,-5.18400066E-6,417.000025511E-3,
,,,-5.15200054E-6,417.000025511E-3,
,,,-5.12000088E-6,417.000025511E-3,
,,,-5.08800076E-6,417.000025511E-3,
,,,-5.05600065E-6,417.000025511E-3,
,,,-5.02400053E-6,417.000025511E-3,
,,,-4.99200087E-6,417.000025511E-3,
,,,-4.96000075E-6,417.000025511E-3,
,,,-4.92800064E-6,417.000025511E-3,
,,,-4.89600052E-6,417.000025511E-3,
,,,-4.86400086E-6,417.000025511E-3,
,,,-4.83200074E-6,417.000025511E-3,
,,,-4.80000062E-6,417.000025511E-3,
,,,-4.76800051E-6,417.000025511E-3,
,,,-4.73600085E-6,417.000025511E-3,
,,,-4.70400073E-6,417.000025511E-3,
,,,-4.67200061E-6,417.000025511E-3,
,,,-4.64000050E-6,417.000025511E-3,
,,,-4.60800084E-6,417.000025511E-3,
,,,-4.57600072E-6,417.000025511E-3,
,,,-4.54400060E-6,417.000025511E-3,
,,,-4.51200049E-6,417.000025511E-3,
,,,-4.48000083E-6,417.000025511E-3,
,,,-4.44800071E-6,417.000025511E-3,
,,,-4.41600059E-6,417.000025511E-3,
,,,-4.38400048E-6,417.000025511E-3,
,,,-4.35200081E-6,417.000025511E-3,
,,,-4.32000070E-6,417.000025511E-3,
,,,-4.28800058E-6,417.000025511E-3,
,,,-4.25600092E-6,417.000025511E-3,
,,,-4.22400080E-6,417.000025511E-3,
,,,-4.19200069E-6,417.000025511E-3,
,,,-4.16000057E-6,417.000025511E-3,
,,,-4.12800091E-6,417.000025511E-3,
,,,-4.09600079E-6,417.000025511E-3,
,,,-4.06400068E-6,417.000025511E-3,
,,,-4.03200056E-6,417.000025511E-3,
,,,-4.00000090E-6,417.000025511E-3,
,,,-3.96800078E-6,417.000025511E-3,
,,,-3.93600067E-6,417.000025511E-3,
,,,-3.90400055E-6,417.000025511E-3,
,,,-3.87200089E-6,417.000025511E-3,
,,,-3.84000077E-6,417.000025511E-3,
,,,-3.80800066E-6,417.000025511E-3,
,,,-3.77600077E-6,417.000025511E-3,
,,,-3.74400065E-6,417.000025511E-3,
,,,-3.71200076E-6,417.000025511E-3,
,,,-3.68000065E-6,417.000025511E-3,
,,,-3.64800076E-6,417.000025511E-3,
,,,-3.61600064E-6,417.000025511E-3,
,,,-3.58400075E-6,417.000025511E-3,
,,,-3.55200063E-6,417.000025511E-3,
,,,-3.52000075E-6,417.000025511E-3,
,,,-3.48800063E-6,417.000025511E-3,
,,,-3.45600074E-6,417.000025511E-3,
,,,-3.42400062E-6,417.000025511E-3,
,,,-3.39200074E-6,417.000025511E-3,
,,,-3.36000062E-6,417.000025511E-3,
,,,-3.32800073E-6,417.000025511E-3,
,,,-3.29600084E-6,417.000025511E-3,
,,,-3.26400072E-6,417.000025511E-3,
,,,-3.23200084E-6,417.000025511E-3,
,,,-3.20000072E-6,417.000025511E-3,
,,,-3.16800083E-6,417.000025511E-3,
,,,-3.13600071E-6,417.000025511E-3,
,,,-3.10400083E-6,417.000025511E-3,
,,,-3.07200071E-6,417.000025511E-3,
,,,-3.04000082E-6,417.000025511E-3,
,,,-3.00800070E-6,417.000025511E-3,
,,,-2.97600081E-6,417.000025511E-3,
,,,-2.94400070E-6,417.000025511E-3,
,,,-2.91200081E-6,417.000025511E-3,
,,,-2.88000069E-6,417.000025511E-3,
,,,-2.84800080E-6,417.000025511E-3,
,,,-2.81600069E-6,417.000025511E-3,
,,,-2.78400080E-6,417.000025511E-3,
,,,-2.75200068E-6,417.000025511E-3,
,,,-2.72000079E-6,417.000025511E-3,
,,,-2.6880007E-6,417.000025511E-3,
,,,-2.6560008E-6,417.000025511E-3,
,,,-2.6240007E-6,417.000025511E-3,
,,,-2.5920008E-6,417.000025511E-3,
,,,-2.5600007E-6,417.000025511E-3,
,,,-2.5280008E-6,417.000025511E-3,
,,,-2.4960007E-6,417.000025511E-3,
,,,-2.4640008E-6,417.000025511E-3,
,,,-2.4320007E-6,417.000025511E-3,
,,,-2.4000008E-6,417.000025511E-3,
,,,-2.3680007E-6,417.000025511E-3,
,,,-2.3360008E-6,417.000025511E-3,
,,,-2.3040006E-6,417.000025511E-3,
,,,-2.2720008E-6,417.000025511E-3,
,,,-2.2400009E-6,417.000025511E-3,
,,,-2.2080008E-6,417.000025511E-3,
,,,-2.1760009E-6,417.000025511E-3,
,,,-2.1440007E-6,417.000025511E-3,
,,,-2.1120009E-6,417.000025511E-3,
,,,-2.0800007E-6,417.000025511E-3,
,,,-2.0480009E-6,417.000025511E-3,
,,,-2.0160007E-6,417.000025511E-3,
,,,-1.9840008E-6,417.000025511E-3,
,,,-1.9520007E-6,417.000025511E-3,
,,,-1.9200008E-6,417.000025511E-3,
,,,-1.8880007E-6,417.000025511E-3,
,,,-1.8560007E-6,417.000025511E-3,
,,,-1.8240007E-6,417.000025511E-3,
,,,-1.7920008E-6,417.000025511E-3,
,,,-1.7600008E-6,417.000025511E-3,
,,,-1.7280008E-6,417.000025511E-3,
,,,-1.6960008E-6,417.000025511E-3,
,,,-1.6640008E-6,417.000025511E-3,
,,,-1.6320008E-6,417.000025511E-3,
,,,-1.6000008E-6,417.000025511E-3,
,,,-1.5680008E-6,417.000025511E-3,
,,,-1.5360008E-6,417.000025511E-3,
,,,-1.5040008E-6,417.000025511E-3,
,,,-1.4720008E-6,417.000025511E-3,
,,,-1.4400008E-6,417.000025511E-3,
,,,-1.4080008E-6,417.000025511E-3,
,,,-1.3760008E-6,417.000025511E-3,
,,,-1.3440008E-6,417.000025511E-3,
,,,-1.3120008E-6,413.000017405E-3,
,,,-1.2800008E-6,405.000030994E-3,
,,,-1.2480008E-6,397.00001478E-3,
,,,-1.2160008E-6,391.00003242E-3,
,,,-1.1840008E-6,383.00001621E-3,
,,,-1.1520008E-6,375.00002980E-3,
,,,-1.1200008E-6,367.00001359E-3,
,,,-1.0880008E-6,359.00002718E-3,
,,,-1.0560008E-6,353.00001502E-3,
,,,-1.0240008E-6,345.00002861E-3,
,,,-992.000764199E-9,339.00001645E-3,
,,,-960.000761552E-9,333.00000429E-3,
,,,-928.000815748E-9,325.00001788E-3,
,,,-896.000813100E-9,317.00000167E-3,
,,,-864.000810452E-9,311.00001931E-3,
,,,-832.000807804E-9,303.00000310E-3,
,,,-800.000805157E-9,295.00001669E-3,
,,,-768.000802509E-9,289.00000453E-3,
,,,-736.000799861E-9,281.00001812E-3,
,,,-704.000797214E-9,275.00000596E-3,
,,,-672.000794566E-9,267.00001955E-3,
,,,-640.000791918E-9,261.00000739E-3,
,,,-608.000789271E-9,255.00002503E-3,
,,,-576.000786623E-9,247.00000882E-3,
,,,-544.000783975E-9,241.00001156E-3,
,,,-512.000838171E-9,233.00001025E-3,
,,,-480.000835523E-9,229.00001705E-3,
,,,-448.000804454E-9,221.00001574E-3,
,,,-416.000801806E-9,217.00000763E-3,
,,,-384.00082758E-9,211.00001037E-3,
,,,-352.00082493E-9,203.00000906E-3,
,,,-320.00082228E-9,197.00001180E-3,
,,,-288.00081964E-9,191.00001454E-3,
,,,-256.00081699E-9,187.00000644E-3,
,,,-224.00081434E-9,181.00000918E-3,
,,,-192.00081169E-9,175.00001192E-3,
,,,-160.00082326E-9,171.00000381E-3,
,,,-128.0008206E-9,165.00000656E-3,
,,,-96.000817962E-9,163.00000250E-3,
,,,-64.000822420E-9,159.00000930E-3,
,,,-32.00082332E-9,157.00000525E-3,
,,,-824.229562759E-15,155.00000119E-3,
,,,31.99917487E-9,151.00000799E-3,
,,,63.999173960E-9,151.00000799E-3,
,,,95.999169503E-9,146.9999999E-3,
,,,127.9991722E-9,146.9999999E-3,
,,,159.99917480E-9,146.9999999E-3,
,,,191.99916323E-9,146.9999999E-3,
,,,223.99916588E-9,146.9999999E-3,
,,,255.99916853E-9,146.9999999E-3,
,,,287.99917118E-9,149.00000393E-3,
,,,319.99917383E-9,146.9999999E-3,
,,,351.99917647E-9,149.00000393E-3,
,,,383.99917912E-9,146.9999999E-3,
,,,415.999153347E-9,149.00000393E-3,
,,,447.999155995E-9,149.00000393E-3,
,,,479.999187064E-9,149.00000393E-3,
,,,511.999132868E-9,151.00000799E-3,
,,,543.999135516E-9,151.00000799E-3,
,,,575.999138164E-9,153.00001204E-3,
,,,607.999140811E-9,153.00001204E-3,
,,,639.999143459E-9,155.00000119E-3,
,,,671.999146107E-9,157.00000525E-3,
,,,703.999148755E-9,159.00000930E-3,
,,,735.999151402E-9,159.00000930E-3,
,,,767.999154050E-9,159.00000930E-3,
,,,799.999156698E-9,159.00000930E-3,
,,,831.999159345E-9,159.00000930E-3,
,,,863.999161993E-9,161.00001335E-3,
,,,895.999164641E-9,159.00000930E-3,
,,,927.999167288E-9,163.00000250E-3,
,,,959.999169936E-9,155.00000119E-3,
,,,991.999172584E-9,161.00001335E-3,
,,,1.0239992E-6,157.00000525E-3,
,,,1.0559992E-6,155.00000119E-3,
,,,1.0879992E-6,155.00000119E-3,
,,,1.1199992E-6,155.00000119E-3,
,,,1.1519992E-6,153.00001204E-3,
,,,1.1839992E-6,149.00000393E-3,
,,,1.2159992E-6,149.00000393E-3,
,,,1.2479992E-6,143.0000067E-3,
,,,1.2799992E-6,141.0000026E-3,
,,,1.3119991E-6,141.0000026E-3,
,,,1.3439991E-6,135.0000054E-3,
,,,1.3759991E-6,133.0000013E-3,
,,,1.4079991E-6,129.0000081E-3,
,,,1.4399991E-6,129.0000081E-3,
,,,1.4719991E-6,125.0000000E-3,
,,,1.5039991E-6,123.0000034E-3,
,,,1.5359991E-6,117.0000061E-3,
,,,1.5679991E-6,115.0000021E-3,
,,,1.5999991E-6,113.0000055E-3,
,,,1.6319991E-6,109.0000048E-3,
,,,1.6639991E-6,109.0000048E-3,
,,,1.6959991E-6,105.0000042E-3,
,,,1.7279991E-6,101.0000035E-3,
,,,1.7599991E-6,97.000002861E-3,
,,,1.7919991E-6,95.000006258E-3,
,,,1.8239991E-6,91.000005603E-3,
,,,1.8559991E-6,89.000001550E-3,
,,,1.8879991E-6,87.000004947E-3,
,,,1.9199990E-6,85.000000894E-3,
,,,1.9519991E-6,83.000004292E-3,
,,,1.9839990E-6,81.000000238E-3,
,,,2.0159991E-6,79.000003636E-3,
,,,2.0479990E-6,77.000007033E-3,
,,,2.0799991E-6,77.000007033E-3,
,,,2.1119990E-6,75.000002980E-3,
,,,2.1439992E-6,75.000002980E-3,
,,,2.1759990E-6,75.000002980E-3,
,,,2.2079992E-6,73.000006378E-3,
,,,2.2399990E-6,73.000006378E-3,
,,,2.2719992E-6,73.000006378E-3,
,,,2.3039991E-6,73.000006378E-3,
,,,2.3359992E-6,75.000002980E-3,
,,,2.3679991E-6,71.000002325E-3,
,,,2.3999992E-6,69.000005722E-3,
,,,2.4319991E-6,71.000002325E-3,
,,,2.4639992E-6,71.000002325E-3,
,,,2.4959991E-6,75.000002980E-3,
,,,2.5279992E-6,77.000007033E-3,
,,,2.5599991E-6,79.000003636E-3,
,,,2.5919992E-6,77.000007033E-3,
,,,2.6239991E-6,81.000000238E-3,
,,,2.6559992E-6,83.000004292E-3,
,,,2.6879991E-6,85.000000894E-3,
,,,2.71999920E-6,85.000000894E-3,
,,,2.75199909E-6,87.000004947E-3,
,,,2.78399921E-6,87.000004947E-3,
,,,2.81599910E-6,89.000001550E-3,
,,,2.84799899E-6,91.000005603E-3,
,,,2.87999910E-6,93.000002205E-3,
,,,2.91199899E-6,95.000006258E-3,
,,,2.94399911E-6,97.000002861E-3,
,,,2.97599900E-6,97.000002861E-3,
,,,3.00799911E-6,99.000006914E-3,
,,,3.03999900E-6,101.0000035E-3,
,,,3.07199912E-6,101.0000035E-3,
,,,3.10399901E-6,103.0000076E-3,
,,,3.13599912E-6,105.0000042E-3,
,,,3.16799901E-6,105.0000042E-3,
,,,3.19999913E-6,107.0000082E-3,
,,,3.23199902E-6,107.0000082E-3,
,,,3.26399913E-6,107.0000082E-3,
,,,3.29599902E-6,109.0000048E-3,
,,,3.32799914E-6,107.0000082E-3,
,,,3.35999903E-6,111.0000089E-3,
,,,3.39199914E-6,111.0000089E-3,
,,,3.42399903E-6,111.0000089E-3,
,,,3.45599915E-6,111.0000089E-3,
,,,3.48799904E-6,109.0000048E-3,
,,,3.51999915E-6,109.0000048E-3,
,,,3.55199904E-6,107.0000082E-3,
,,,3.58399916E-6,107.0000082E-3,
,,,3.61599905E-6,107.0000082E-3,
,,,3.64799916E-6,107.0000082E-3,
,,,3.67999905E-6,107.0000082E-3,
,,,3.71199917E-6,105.0000042E-3,
,,,3.74399906E-6,103.0000076E-3,
,,,3.77599918E-6,99.000006914E-3,
,,,3.80799906E-6,97.000002861E-3,
,,,3.83999895E-6,97.000002861E-3,
,,,3.87199907E-6,97.000002861E-3,
,,,3.90399919E-6,95.000006258E-3,
,,,3.93599885E-6,93.000002205E-3,
,,,3.96799896E-6,91.000005603E-3,
,,,3.99999908E-6,89.000001550E-3,
,,,4.03199920E-6,85.000000894E-3,
,,,4.06399886E-6,85.000000894E-3,
,,,4.09599897E-6,83.000004292E-3,
,,,4.12799909E-6,81.000000238E-3,
,,,4.15999921E-6,79.000003636E-3,
,,,4.19199887E-6,77.000007033E-3,
,,,4.22399899E-6,77.000007033E-3,
,,,4.25599910E-6,75.000002980E-3,
,,,4.28799922E-6,73.000006378E-3,
,,,4.31999888E-6,71.000002325E-3,
,,,4.35199900E-6,67.000001669E-3,
,,,4.38399911E-6,67.000001669E-3,
,,,4.41599923E-6,65.000005066E-3,
,,,4.44799889E-6,63.000001013E-3,
,,,4.47999901E-6,63.000001013E-3,
,,,4.51199912E-6,63.000001013E-3,
,,,4.54399924E-6,61.000004411E-3,
,,,4.57599890E-6,59.000004083E-3,
,,,4.60799902E-6,59.000004083E-3,
,,,4.63999913E-6,57.000003755E-3,
,,,4.67199925E-6,55.000003427E-3,
,,,4.70399891E-6,57.000003755E-3,
,,,4.73599903E-6,55.000003427E-3,
,,,4.76799914E-6,53.00000310E-3,
,,,4.79999926E-6,55.000003427E-3,
,,,4.83199892E-6,55.000003427E-3,
,,,4.86399904E-6,55.000003427E-3,
,,,4.89599915E-6,55.000003427E-3,
,,,4.92799882E-6,55.000003427E-3,
,,,4.95999893E-6,55.000003427E-3,
,,,4.99199905E-6,55.000003427E-3,
,,,5.02399917E-6,55.000003427E-3,
,,,5.05599883E-6,57.000003755E-3,
,,,5.08799894E-6,57.000003755E-3,
,,,5.11999906E-6,59.000004083E-3,
,,,5.15199918E-6,59.000004083E-3,
,,,5.18399884E-6,59.000004083E-3,
,,,5.21599895E-6,59.000004083E-3,
,,,5.24799907E-6,61.000004411E-3,
,,,5.27999919E-6,61.000004411E-3,
,,,5.31199885E-6,61.000004411E-3,
,,,5.34399896E-6,63.000001013E-3,
,,,5.37599908E-6,63.000001013E-3,
,,,5.40799920E-6,65.000005066E-3,
,,,5.43999886E-6,65.000005066E-3,
,,,5.47199897E-6,69.000005722E-3,
,,,5.50399909E-6,67.000001669E-3,
,,,5.53599921E-6,67.000001669E-3,
,,,5.56799887E-6,69.000005722E-3,
,,,5.59999899E-6,69.000005722E-3,
,,,5.63199910E-6,71.000002325E-3,
,,,5.66399922E-6,71.000002325E-3,
,,,5.69599888E-6,71.000002325E-3,
,,,5.72799900E-6,73.000006378E-3,
,,,5.75999911E-6,71.000002325E-3,
,,,5.79199923E-6,75.000002980E-3,
,,,5.82399889E-6,73.000006378E-3,
,,,5.85599901E-6,75.000002980E-3,
,,,5.88799912E-6,77.000007033E-3,
,,,5.91999878E-6,75.000002980E-3,
,,,5.95199890E-6,75.000002980E-3,
,,,5.98399902E-6,75.000002980E-3,
,,,6.01599913E-6,75.000002980E-3,
,,,6.04799880E-6,73.000006378E-3,
,,,6.07999891E-6,73.000006378E-3,
,,,6.11199903E-6,71.000002325E-3,
,,,6.14399914E-6,73.000006378E-3,
,,,6.17599881E-6,73.000006378E-3,
,,,6.20799892E-6,73.000006378E-3,
,,,6.23999904E-6,73.000006378E-3,
,,,6.27199915E-6,69.000005722E-3,
,,,6.30399882E-6,71.000002325E-3,
,,,6.33599893E-6,69.000005722E-3,
,,,6.36799905E-6,69.000005722E-3,
,,,6.39999917E-6,67.000001669E-3,
,,,6.43199883E-6,67.000001669E-3,
,,,6.46399894E-6,65.000005066E-3,
,,,6.49599906E-6,65.000005066E-3,
,,,6.52799918E-6,63.000001013E-3,
,,,6.55999884E-6,63.000001013E-3,
,,,6.59199895E-6,61.000004411E-3,
,,,6.62399907E-6,59.000004083E-3,
,,,6.65599919E-6,59.000004083E-3,
,,,6.68799885E-6,57.000003755E-3,
,,,6.71999896E-6,57.000003755E-3,
,,,6.75199908E-6,55.000003427E-3,
,,,6.78399920E-6,55.000003427E-3,
,,,6.81599886E-6,53.00000310E-3,
,,,6.84799897E-6,53.00000310E-3,
,,,6.87999909E-6,51.00000277E-3,
,,,6.91199875E-6,51.00000277E-3,
,,,6.94399887E-6,49.00000244E-3,
,,,6.97599899E-6,49.00000244E-3,
,,,7.00799910E-6,47.00000212E-3,
,,,7.03999876E-6,47.00000212E-3,
,,,7.07199888E-6,45.00000179E-3,
,,,7.10399900E-6,45.00000179E-3,
,,,7.13599911E-6,45.00000179E-3,
,,,7.16799877E-6,43.00000146E-3,
,,,7.19999889E-6,43.00000146E-3,
,,,7.23199901E-6,43.00000146E-3,
,,,7.26399912E-6,41.00000113E-3,
,,,7.29599878E-6,43.00000146E-3,
,,,7.32799890E-6,43.00000146E-3,
,,,7.35999902E-6,43.00000146E-3,
,,,7.391999134E-6,43.00000146E-3,
,,,7.423998795E-6,43.00000146E-3,
,,,7.455998912E-6,43.00000146E-3,
,,,7.487999028E-6,41.00000113E-3,
,,,7.519999144E-6,43.00000146E-3,
,,,7.551998806E-6,43.00000146E-3,
,,,7.583998922E-6,43.00000146E-3,
,,,7.615999039E-6,43.00000146E-3,
,,,7.647999155E-6,43.00000146E-3,
,,,7.679998816E-6,43.00000146E-3,
,,,7.711999388E-6,43.00000146E-3,
,,,7.743999049E-6,43.00000146E-3,
,,,7.775998711E-6,43.00000146E-3,
,,,7.807999282E-6,45.00000179E-3,
,,,7.839998943E-6,47.00000212E-3,
,,,7.871998605E-6,47.00000212E-3,
,,,7.903999176E-6,45.00000179E-3,
,,,7.935998838E-6,47.00000212E-3,
,,,7.967998499E-6,49.00000244E-3,
,,,7.999999070E-6,49.00000244E-3,
,,,8.031998732E-6,49.00000244E-3,
,,,8.063999303E-6,49.00000244E-3,
,,,8.095998965E-6,49.00000244E-3,
,,,8.127998626E-6,49.00000244E-3,
,,,8.159999197E-6,51.00000277E-3,
,,,8.191998859E-6,51.00000277E-3,
,,,8.223998520E-6,51.00000277E-3,
,,,8.255999091E-6,51.00000277E-3,
,,,8.287998753E-6,51.00000277E-3,
,,,8.319999324E-6,53.00000310E-3,
,,,8.351998986E-6,53.00000310E-3,
,,,8.383998647E-6,51.00000277E-3,
,,,8.415999218E-6,51.00000277E-3,
,,,8.447998880E-6,53.00000310E-3,
,,,8.479998542E-6,53.00000310E-3,
,,,8.511999113E-6,53.00000310E-3,
,,,8.543998774E-6,51.00000277E-3,
,,,8.575999345E-6,53.00000310E-3,
,,,8.607999007E-6,51.00000277E-3,
,,,8.639998669E-6,51.00000277E-3,
,,,8.671999240E-6,51.00000277E-3,
,,,8.703998901E-6,51.00000277E-3,
,,,8.735998563E-6,49.00000244E-3,
,,,8.767999134E-6,49.00000244E-3,
,,,8.799998795E-6,49.00000244E-3,
,,,8.831999367E-6,49.00000244E-3,
,,,8.863999028E-6,49.00000244E-3,
,,,8.895998690E-6,49.00000244E-3,
,,,8.927999261E-6,47.00000212E-3,
,,,8.959998922E-6,47.00000212E-3,
,,,8.991998584E-6,47.00000212E-3,
,,,9.023999155E-6,45.00000179E-3,
,,,9.055998817E-6,45.00000179E-3,
,,,9.087998478E-6,45.00000179E-3,
,,,9.119999049E-6,43.00000146E-3,
,,,9.151998711E-6,43.00000146E-3,
,,,9.183999282E-6,41.00000113E-3,
,,,9.215998944E-6,41.00000113E-3,
,,,9.247998605E-6,39.00000080E-3,
,,,9.279999176E-6,39.00000080E-3,
,,,9.311998838E-6,37.00000048E-3,
,,,9.343998499E-6,37.00000048E-3,
,,,9.375999070E-6,37.00000048E-3,
,,,9.407998732E-6,37.00000048E-3,
,,,9.439999303E-6,37.00000048E-3,
,,,9.471998965E-6,35.00000015E-3,
,,,9.503998626E-6,35.00000015E-3,
,,,9.535999197E-6,35.00000015E-3,
,,,9.567998859E-6,32.99999982E-3,
,,,9.599998521E-6,32.99999982E-3,
,,,9.631999092E-6,32.99999982E-3,
,,,9.663998753E-6,32.99999982E-3,
,,,9.695999324E-6,32.99999982E-3,
,,,9.727998986E-6,32.99999982E-3,
,,,9.759998647E-6,31.00000136E-3,
,,,9.791999219E-6,31.00000136E-3,
,,,9.823998880E-6,31.00000136E-3,
,,,9.855998542E-6,31.00000136E-3,
,,,9.887999113E-6,31.00000136E-3,
,,,9.919998774E-6,31.00000136E-3,
,,,9.951999346E-6,31.00000136E-3,
,,,9.983999007E-6,29.00000103E-3,
,,,10.0159987E-6,31.00000136E-3,
,,,10.0479992E-6,29.00000103E-3,
,,,10.0799989E-6,31.00000136E-3,
,,,10.1119986E-6,29.00000103E-3,
,,,10.1439991E-6,31.00000136E-3,
,,,10.1759988E-6,31.00000136E-3,
,,,10.2079985E-6,32.99999982E-3,
,,,10.2399990E-6,32.99999982E-3,
,,,10.2719987E-6,31.00000136E-3,
,,,10.3039993E-6,32.99999982E-3,
,,,10.3359989E-6,32.99999982E-3,
,,,10.3679986E-6,32.99999982E-3,
,,,10.3999992E-6,32.99999982E-3,
,,,10.4319988E-6,35.00000015E-3,
,,,10.4639985E-6,32.99999982E-3,
,,,10.4959990E-6,35.00000015E-3,
,,,10.5279987E-6,35.00000015E-3,
,,,10.5599993E-6,35.00000015E-3,
,,,10.5919989E-6,35.00000015E-3,
,,,10.6239986E-6,35.00000015E-3,
,,,10.6559992E-6,37.00000048E-3,
,,,10.6879988E-6,37.00000048E-3,
,,,10.7199985E-6,37.00000048E-3,
,,,10.7519991E-6,37.00000048E-3,
,,,10.7839987E-6,37.00000048E-3,
,,,10.8159993E-6,37.00000048E-3,
,,,10.8479990E-6,37.00000048E-3,
,,,10.8799986E-6,37.00000048E-3,
,,,10.9119992E-6,39.00000080E-3,
,,,10.9439989E-6,39.00000080E-3,
,,,10.9759985E-6,41.00000113E-3,
,,,11.0079991E-6,39.00000080E-3,
,,,11.0399988E-6,39.00000080E-3,
,,,11.0719984E-6,37.00000048E-3,
,,,11.1039990E-6,37.00000048E-3,
,,,11.1359986E-6,37.00000048E-3,
,,,11.1679992E-6,37.00000048E-3,
,,,11.1999989E-6,37.00000048E-3,
,,,11.2319985E-6,37.00000048E-3,
,,,11.2639991E-6,37.00000048E-3,
,,,11.2959988E-6,37.00000048E-3,
,,,11.3279984E-6,37.00000048E-3,
,,,11.3599990E-6,35.00000015E-3,
,,,11.3919987E-6,37.00000048E-3,
,,,11.4239992E-6,35.00000015E-3,
,,,11.4559989E-6,35.00000015E-3,
,,,11.4879986E-6,35.00000015E-3,
,,,11.5199991E-6,32.99999982E-3,
,,,11.5519988E-6,32.99999982E-3,
,,,11.5839985E-6,32.99999982E-3,
,,,11.6159990E-6,32.99999982E-3,
,,,11.6479987E-6,31.00000136E-3,
,,,11.6799993E-6,31.00000136E-3,
,,,11.7119989E-6,29.00000103E-3,
,,,11.7439986E-6,29.00000103E-3,
,,,11.7759992E-6,29.00000103E-3,
,,,11.8079988E-6,29.00000103E-3,
,,,11.8399985E-6,27.00000070E-3,
,,,11.8719990E-6,27.00000070E-3,
,,,11.9039987E-6,27.00000070E-3,
,,,11.9359993E-6,27.00000070E-3,
,,,11.9679989E-6,27.00000070E-3,
,,,11.9999986E-6,27.00000070E-3,
,,,12.0319992E-6,25.00000037E-3,
,,,12.0639988E-6,25.00000037E-3,
,,,12.0959985E-6,25.00000037E-3,
,,,12.1279991E-6,25.00000037E-3,
,,,12.1599987E-6,25.00000037E-3,
,,,12.1919984E-6,23.00000191E-3,
,,,12.2239990E-6,23.00000191E-3,
,,,12.2559986E-6,25.00000037E-3,
,,,12.2879992E-6,23.00000191E-3,
,,,12.3199989E-6,23.00000191E-3,
,,,12.3519985E-6,23.00000191E-3,
,,,12.3839991E-6,21.00000158E-3,
,,,12.4159988E-6,21.00000158E-3,
,,,12.4479984E-6,21.00000158E-3,
,,,12.4799990E-6,23.00000191E-3,
,,,12.5119986E-6,23.00000191E-3,
,,,12.5439992E-6,23.00000191E-3,
,,,12.5759989E-6,23.00000191E-3,
,,,12.6079985E-6,21.00000158E-3,
,,,12.6399991E-6,21.00000158E-3,
,,,12.6719988E-6,23.00000191E-3,
,,,12.7039984E-6,23.00000191E-3,
,,,12.7359990E-6,23.00000191E-3,
,,,12.7679987E-6,23.00000191E-3,
,,,12.7999992E-6,23.00000191E-3,
,,,12.8319989E-6,23.00000191E-3,
,,,12.8639986E-6,23.00000191E-3,
,,,12.8959991E-6,23.00000191E-3,
,,,12.9279988E-6,23.00000191E-3,
,,,12.9599985E-6,23.00000191E-3,
,,,12.9919990E-6,23.00000191E-3,
,,,13.0239987E-6,23.00000191E-3,
,,,13.0559984E-6,25.00000037E-3,
,,,13.0879989E-6,25.00000037E-3,
,,,13.1199986E-6,25.00000037E-3,
,,,13.1519992E-6,25.00000037E-3,
,,,13.1839988E-6,25.00000037E-3,
,,,13.2159985E-6,25.00000037E-3,
,,,13.2479990E-6,25.00000037E-3,
,,,13.2799987E-6,25.00000037E-3,
,,,13.3119984E-6,27.00000070E-3,
,,,13.3439989E-6,25.00000037E-3,
,,,13.3759986E-6,27.00000070E-3,
,,,13.4079992E-6,27.00000070E-3,
,,,13.4399988E-6,27.00000070E-3,
,,,13.4719985E-6,27.00000070E-3,
,,,13.5039991E-6,27.00000070E-3,
,,,13.5359987E-6,29.00000103E-3,
,,,13.5679984E-6,29.00000103E-3,
,,,13.5999990E-6,31.00000136E-3,
,,,13.6319986E-6,27.00000070E-3,
,,,13.6639992E-6,27.00000070E-3,
,,,13.6959989E-6,27.00000070E-3,
,,,13.7279985E-6,27.00000070E-3,
,,,13.7599991E-6,27.00000070E-3,
,,,13.7919988E-6,27.00000070E-3,
,,,13.8239984E-6,27.00000070E-3,
,,,13.8559990E-6,27.00000070E-3,
,,,13.8879986E-6,27.00000070E-3,
,,,13.9199992E-6,29.00000103E-3,
,,,13.9519989E-6,27.00000070E-3,
,,,13.9839985E-6,27.00000070E-3,
,,,14.0159991E-6,27.00000070E-3,
,,,14.0479988E-6,27.00000070E-3,
,,,14.0799984E-6,25.00000037E-3,
,,,14.1119990E-6,23.00000191E-3,
,,,14.1439987E-6,25.00000037E-3,
,,,14.1759983E-6,23.00000191E-3,
,,,14.2079989E-6,25.00000037E-3,
,,,14.2399986E-6,23.00000191E-3,
,,,14.2719991E-6,23.00000191E-3,
,,,14.3039988E-6,23.00000191E-3,
,,,14.3359985E-6,23.00000191E-3,
,,,14.3679990E-6,21.00000158E-3,
,,,14.3999987E-6,21.00000158E-3,
,,,14.4319984E-6,19.0000013E-3,
,,,14.4639989E-6,19.0000013E-3,
,,,14.4959986E-6,19.0000013E-3,
,,,14.5279992E-6,19.0000013E-3,
,,,14.5599988E-6,21.00000158E-3,
,,,14.5919985E-6,19.0000013E-3,
,,,14.6239990E-6,19.0000013E-3,
,,,14.6559987E-6,19.0000013E-3,
,,,14.6879984E-6,17.0000009E-3,
,,,14.7199989E-6,17.0000009E-3,
,,,14.7519986E-6,15.0000006E-3,
,,,14.7839992E-6,17.0000009E-3,
,,,14.8159988E-6,19.0000013E-3,
,,,14.8479985E-6,17.0000009E-3,
,,,14.8799991E-6,15.0000006E-3,
,,,14.9119987E-6,15.0000006E-3,
,,,14.9439984E-6,15.0000006E-3,
,,,14.9759990E-6,15.0000006E-3,
,,,15.0079986E-6,15.0000006E-3,
,,,15.0399992E-6,15.0000006E-3,
,,,15.0719989E-6,17.0000009E-3,
,,,15.1039985E-6,17.0000009E-3,
,,,15.1359991E-6,15.0000006E-3,
,,,15.1679988E-6,17.0000009E-3,
,,,15.1999984E-6,15.0000006E-3,
,,,15.2319990E-6,15.0000006E-3,
,,,15.2639986E-6,15.0000006E-3,
,,,15.2959983E-6,17.0000009E-3,
,,,15.3279980E-6,17.0000009E-3,
,,,15.3599995E-6,17.0000009E-3,
,,,15.3919991E-6,17.0000009E-3,
,,,15.4239988E-6,17.0000009E-3,
,,,15.4559984E-6,17.0000009E-3,
,,,15.4879981E-6,17.0000009E-3,
,,,15.5199996E-6,17.0000009E-3,
,,,15.5519992E-6,17.0000009E-3,
,,,15.5839989E-6,19.0000013E-3,
,,,15.6159986E-6,19.0000013E-3,
,,,15.6479982E-6,19.0000013E-3,
,,,15.6799979E-6,19.0000013E-3,
,,,15.7119994E-6,19.0000013E-3,
,,,15.7439990E-6,19.0000013E-3,
,,,15.7759987E-6,19.0000013E-3,
,,,15.8079984E-6,19.0000013E-3,
,,,15.8399980E-6,19.0000013E-3,
,,,15.8719995E-6,19.0000013E-3,
,,,15.9039992E-6,19.0000013E-3,
,,,15.9359988E-6,21.00000158E-3,
,,,15.9679985E-6,19.0000013E-3,
,,,15.9999981E-6,19.0000013E-3,
,,,16.0319996E-6,19.0000013E-3,
,,,16.0639993E-6,21.00000158E-3,
,,,16.0959989E-6,21.00000158E-3,
,,,16.1279986E-6,23.00000191E-3,
,,,16.1599983E-6,21.00000158E-3,
,,,16.1919979E-6,23.00000191E-3,
,,,16.2239994E-6,21.00000158E-3,
,,,16.2559991E-6,21.00000158E-3,
,,,16.2879987E-6,19.0000013E-3,
,,,16.3199984E-6,19.0000013E-3,
,,,16.3519981E-6,19.0000013E-3,
,,,16.3839995E-6,19.0000013E-3,
,,,16.4159992E-6,21.00000158E-3,
,,,16.4479989E-6,21.00000158E-3,
,,,16.4799985E-6,21.00000158E-3,
,,,16.5119982E-6,21.00000158E-3,
,,,16.5439978E-6,21.00000158E-3,
,,,16.5759993E-6,19.0000013E-3,
,,,16.6079990E-6,21.00000158E-3,
,,,16.6399986E-6,19.0000013E-3,
,,,16.6719983E-6,19.0000013E-3,
,,,16.7039980E-6,17.0000009E-3,
,,,16.7359995E-6,19.0000013E-3,
,,,16.7679991E-6,17.0000009E-3,
,,,16.7999988E-6,19.0000013E-3,
,,,16.8319984E-6,17.0000009E-3,
,,,16.8639981E-6,17.0000009E-3,
,,,16.8959996E-6,17.0000009E-3,
,,,16.9279992E-6,17.0000009E-3,
,,,16.9599989E-6,15.0000006E-3,
,,,16.9919986E-6,15.0000006E-3,
,,,17.0239982E-6,13.0000003E-3,
,,,17.0559979E-6,15.0000006E-3,
,,,17.0879994E-6,13.0000003E-3,
,,,17.1199990E-6,13.0000003E-3,
,,,17.1519987E-6,15.0000006E-3,
,,,17.1839984E-6,13.0000003E-3,
,,,17.2159980E-6,13.0000003E-3,
,,,17.2479995E-6,13.0000003E-3,
,,,17.2799992E-6,13.0000003E-3,
,,,17.3119988E-6,11.0000009E-3,
,,,17.3439985E-6,11.0000009E-3,
,,,17.3759981E-6,11.0000009E-3,
,,,17.4079978E-6,11.0000009E-3,
,,,17.4399993E-6,11.0000009E-3,
,,,17.4719989E-6,13.0000003E-3,
,,,17.5039986E-6,11.0000009E-3,
,,,17.5359983E-6,11.0000009E-3,
,,,17.5679979E-6,11.0000009E-3,
,,,17.5999994E-6,11.0000009E-3,
,,,17.6319991E-6,13.0000003E-3,
,,,17.6639987E-6,11.0000009E-3,
,,,17.6959984E-6,13.0000003E-3,
,,,17.7279981E-6,13.0000003E-3,
,,,17.7599995E-6,13.0000003E-3,
,,,17.7919992E-6,11.0000009E-3,
,,,17.8239989E-6,13.0000003E-3,
,,,17.8559985E-6,13.0000003E-3,
,,,17.8879982E-6,13.0000003E-3,
,,,17.9199978E-6,13.0000003E-3,
,,,17.9519993E-6,13.0000003E-3,
,,,17.9839990E-6,13.0000003E-3,
,,,18.0159986E-6,13.0000003E-3,
,,,18.0479983E-6,13.0000003E-3,
,,,18.0799980E-6,13.0000003E-3,
,,,18.1119995E-6,13.0000003E-3,
,,,18.1439991E-6,13.0000003E-3,
,,,18.1759988E-6,15.0000006E-3,
,,,18.2079984E-6,15.0000006E-3,
,,,18.2399981E-6,15.0000006E-3,
,,,18.2719978E-6,15.0000006E-3,
,,,18.3039992E-6,15.0000006E-3,
,,,18.3359989E-6,17.0000009E-3,
,,,18.3679986E-6,15.0000006E-3,
,,,18.3999982E-6,15.0000006E-3,
,,,18.4319979E-6,15.0000006E-3,
,,,18.4639994E-6,15.0000006E-3,
,,,18.4959990E-6,15.0000006E-3,
,,,18.5279987E-6,15.0000006E-3,
,,,18.5599984E-6,17.0000009E-3,
,,,18.5919980E-6,15.0000006E-3,
,,,18.6239995E-6,17.0000009E-3,
,,,18.6559992E-6,15.0000006E-3,
,,,18.6879988E-6,19.0000013E-3,
,,,18.7199985E-6,17.0000009E-3,
,,,18.7519981E-6,19.0000013E-3,
,,,18.7839978E-6,17.0000009E-3,
,,,18.8159993E-6,17.0000009E-3,
,,,18.8479989E-6,15.0000006E-3,
,,,18.8799986E-6,15.0000006E-3,
,,,18.9119983E-6,15.0000006E-3,
,,,18.9439979E-6,15.0000006E-3,
,,,18.9759994E-6,15.0000006E-3,
,,,19.0079991E-6,15.0000006E-3,
,,,19.0399987E-6,15.0000006E-3,
,,,19.0719984E-6,15.0000006E-3,
,,,19.1039981E-6,17.0000009E-3,
,,,19.1359995E-6,15.0000006E-3,
,,,19.1679992E-6,15.0000006E-3,
,,,19.1999989E-6,15.0000006E-3,
,,,19.2319985E-6,15.0000006E-3,
,,,19.2639982E-6,13.0000003E-3,
,,,19.2959978E-6,13.0000003E-3,
,,,19.3279993E-6,13.0000003E-3,
,,,19.3599990E-6,13.0000003E-3,
,,,19.3919986E-6,13.0000003E-3,
,,,19.4239983E-6,13.0000003E-3,
,,,19.4559980E-6,11.0000009E-3,
,,,19.4879995E-6,11.0000009E-3,
,,,19.5199991E-6,11.0000009E-3,
,,,19.5519988E-6,11.0000009E-3,
,,,19.5839984E-6,11.0000009E-3,
,,,19.6159981E-6,11.0000009E-3,
,,,19.6479978E-6,11.0000009E-3,
,,,19.6799992E-6,11.0000009E-3,
,,,19.7119989E-6,9.000000544E-3,
,,,19.7439986E-6,9.000000544E-3,
,,,19.7759982E-6,9.000000544E-3,
,,,19.8079979E-6,9.000000544E-3,
,,,19.8399994E-6,9.000000544E-3,
,,,19.8719990E-6,9.000000544E-3,
,,,19.9039987E-6,11.0000009E-3,
,,,19.9359984E-6,9.000000544E-3,
,,,19.9679980E-6,9.000000544E-3,
,,,19.9999995E-6,9.000000544E-3,
,,,20.0319992E-6,9.000000544E-3,
,,,20.0639988E-6,9.000000544E-3,
,,,20.09599848E-6,9.000000544E-3,
,,,20.12799814E-6,7.00000022E-3,
,,,20.15999780E-6,7.00000022E-3,
,,,20.19199928E-6,7.00000022E-3,
,,,20.22399894E-6,7.00000022E-3,
,,,20.25599861E-6,9.000000544E-3,
,,,20.28799827E-6,9.000000544E-3,
,,,20.31999793E-6,9.000000544E-3,
,,,20.35199941E-6,9.000000544E-3,
,,,20.38399907E-6,9.000000544E-3,
,,,20.41599873E-6,7.00000022E-3,
,,,20.44799839E-6,7.00000022E-3,
,,,20.47999806E-6,9.000000544E-3,
,,,20.51199772E-6,9.000000544E-3,
,,,20.54399920E-6,9.000000544E-3,
,,,20.57599886E-6,9.000000544E-3,
,,,20.60799852E-6,9.000000544E-3,
,,,20.63999818E-6,9.000000544E-3,
,,,20.67199785E-6,9.000000544E-3,
,,,20.70399933E-6,9.000000544E-3,
,,,20.73599899E-6,9.000000544E-3,
,,,20.76799865E-6,9.000000544E-3,
,,,20.79999831E-6,9.000000544E-3,
,,,20.83199797E-6,9.000000544E-3,
,,,20.86399945E-6,9.000000544E-3,
,,,20.89599911E-6,11.0000009E-3,
,,,20.92799878E-6,11.0000009E-3,
,,,20.95999844E-6,11.0000009E-3,
,,,20.99199810E-6,11.0000009E-3,
,,,21.02399776E-6,11.0000009E-3,
,,,21.05599924E-6,11.0000009E-3,
,,,21.08799890E-6,11.0000009E-3,
,,,21.11999856E-6,11.0000009E-3,
,,,21.15199823E-6,11.0000009E-3,
,,,21.18399789E-6,11.0000009E-3,
,,,21.21599937E-6,13.0000003E-3,
,,,21.24799903E-6,11.0000009E-3,
,,,21.27999869E-6,15.0000006E-3,
,,,21.31199835E-6,13.0000003E-3,
,,,21.34399801E-6,15.0000006E-3,
,,,21.37599768E-6,13.0000003E-3,
,,,21.40799916E-6,13.0000003E-3,
,,,21.43999882E-6,13.0000003E-3,
,,,21.47199848E-6,11.0000009E-3,
,,,21.50399814E-6,13.0000003E-3,
,,,21.53599780E-6,13.0000003E-3,
,,,21.56799928E-6,13.0000003E-3,
,,,21.59999895E-6,13.0000003E-3,
,,,21.63199861E-6,13.0000003E-3,
,,,21.66399827E-6,13.0000003E-3,
,,,21.69599793E-6,15.0000006E-3,
,,,21.72799941E-6,11.0000009E-3,
,,,21.75999907E-6,13.0000003E-3,
,,,21.79199873E-6,13.0000003E-3,
,,,21.82399840E-6,13.0000003E-3,
,,,21.85599806E-6,11.0000009E-3,
,,,21.88799772E-6,13.0000003E-3,
,,,21.91999920E-6,11.0000009E-3,
,,,21.95199886E-6,11.0000009E-3,
,,,21.98399852E-6,11.0000009E-3,
,,,22.01599818E-6,11.0000009E-3,
,,,22.04799785E-6,11.0000009E-3,
,,,22.07999933E-6,11.0000009E-3,
,,,22.11199899E-6,11.0000009E-3,
,,,22.14399865E-6,9.000000544E-3,
,,,22.17599831E-6,9.000000544E-3,
,,,22.20799797E-6,9.000000544E-3,
,,,22.23999945E-6,9.000000544E-3,
,,,22.27199911E-6,7.00000022E-3,
,,,22.30399878E-6,9.000000544E-3,
,,,22.33599844E-6,9.000000544E-3,
,,,22.36799810E-6,9.000000544E-3,
,,,22.39999776E-6,7.00000022E-3,
,,,22.43199924E-6,7.00000022E-3,
,,,22.46399890E-6,7.00000022E-3,
,,,22.49599856E-6,7.00000022E-3,
,,,22.52799823E-6,9.000000544E-3,
,,,22.55999789E-6,7.00000022E-3,
,,,22.59199937E-6,7.00000022E-3,
,,,22.62399903E-6,9.000000544E-3,
,,,22.65599869E-6,7.00000022E-3,
,,,22.68799835E-6,7.00000022E-3,
,,,22.71999801E-6,7.00000022E-3,
,,,22.75199768E-6,7.00000022E-3,
,,,22.78399916E-6,7.00000022E-3,
,,,22.81599882E-6,7.00000022E-3,
,,,22.84799848E-6,7.00000022E-3,
,,,22.87999814E-6,7.00000022E-3,
,,,22.91199780E-6,9.000000544E-3,
,,,22.94399928E-6,9.000000544E-3,
,,,22.97599895E-6,9.000000544E-3,
,,,23.00799861E-6,7.00000022E-3,
,,,23.03999827E-6,7.00000022E-3,
,,,23.07199793E-6,7.00000022E-3,
,,,23.10399941E-6,7.00000022E-3,
,,,23.13599907E-6,9.000000544E-3,
,,,23.16799873E-6,9.000000544E-3,
,,,23.19999840E-6,9.000000544E-3,
,,,23.23199806E-6,7.00000022E-3,
,,,23.26399772E-6,9.000000544E-3,
,,,23.29599920E-6,7.00000022E-3,
,,,23.32799886E-6,7.00000022E-3,
,,,23.35999852E-6,9.000000544E-3,
,,,23.39199818E-6,7.00000022E-3,
,,,23.42399785E-6,9.000000544E-3,
,,,23.45599933E-6,7.00000022E-3,
,,,23.48799899E-6,9.000000544E-3,
,,,23.51999865E-6,9.000000544E-3,
,,,23.55199831E-6,9.000000544E-3,
,,,23.58399797E-6,9.000000544E-3,
,,,23.61599763E-6,7.00000022E-3,
,,,23.64799911E-6,9.000000544E-3,
,,,23.67999878E-6,9.000000544E-3,
,,,23.71199844E-6,9.000000544E-3,
,,,23.74399810E-6,9.000000544E-3,
,,,23.77599776E-6,9.000000544E-3,
,,,23.80799924E-6,9.000000544E-3,
,,,23.83999890E-6,9.000000544E-3,
,,,23.87199856E-6,9.000000544E-3,
,,,23.90399823E-6,9.000000544E-3,
,,,23.93599789E-6,11.0000009E-3,
,,,23.96799937E-6,9.000000544E-3,
,,,23.99999903E-6,9.000000544E-3,
,,,24.03199869E-6,9.000000544E-3,
,,,24.06399835E-6,7.00000022E-3,
,,,24.09599801E-6,7.00000022E-3,
,,,24.12799768E-6,7.00000022E-3,
,,,24.15999916E-6,9.000000544E-3,
,,,24.19199882E-6,7.00000022E-3,
,,,24.22399848E-6,9.000000544E-3,
,,,24.25599814E-6,9.000000544E-3,
,,,24.28799780E-6,9.000000544E-3,
,,,24.31999928E-6,9.000000544E-3,
,,,24.35199895E-6,9.000000544E-3,
,,,24.38399861E-6,9.000000544E-3,
,,,24.41599827E-6,9.000000544E-3,
,,,24.44799793E-6,7.00000022E-3,
,,,24.47999759E-6,9.000000544E-3,
,,,24.51199907E-6,7.00000022E-3,
,,,24.54399873E-6,7.00000022E-3,
,,,24.57599840E-6,7.00000022E-3,
,,,24.60799806E-6,9.000000544E-3,
,,,24.63999772E-6,7.00000022E-3,
,,,24.67199920E-6,7.00000022E-3,
,,,24.70399886E-6,5.00000035E-3,
,,,24.73599852E-6,5.00000035E-3,
,,,24.76799818E-6,7.00000022E-3,
,,,24.79999785E-6,5.00000035E-3,
,,,24.83199933E-6,7.00000022E-3,
,,,24.86399899E-6,7.00000022E-3,
,,,24.89599865E-6,7.00000022E-3,
,,,24.92799831E-6,7.00000022E-3,
,,,24.95999797E-6,5.00000035E-3,
,,,24.99199763E-6,3.00000003E-3,
,,,25.02399911E-6,5.00000035E-3,
,,,25.05599878E-6,5.00000035E-3,
,,,25.08799844E-6,5.00000035E-3,
,,,25.11999810E-6,5.00000035E-3,
,,,25.15199776E-6,5.00000035E-3,
,,,25.18399924E-6,5.00000035E-3,
,,,25.21599890E-6,5.00000035E-3,
,,,25.24799856E-6,5.00000035E-3,
,,,25.27999823E-6,5.00000035E-3,
,,,25.31199789E-6,5.00000035E-3,
,,,25.34399755E-6,5.00000035E-3,
,,,25.37599903E-6,5.00000035E-3,
,,,25.40799869E-6,5.00000035E-3,
,,,25.43999835E-6,5.00000035E-3,
,,,25.47199801E-6,5.00000035E-3,
,,,25.50399768E-6,5.00000035E-3,
,,,25.53599916E-6,5.00000035E-3,
,,,25.56799882E-6,7.00000022E-3,
,,,25.59999848E-6,5.00000035E-3,
,,,25.63199814E-6,5.00000035E-3,
,,,25.66399780E-6,5.00000035E-3,
,,,25.69599928E-6,7.00000022E-3,
,,,25.72799895E-6,5.00000035E-3,
,,,25.75999861E-6,7.00000022E-3,
,,,25.79199827E-6,7.00000022E-3,
,,,25.82399793E-6,5.00000035E-3,
,,,25.85599759E-6,7.00000022E-3,
,,,25.88799907E-6,7.00000022E-3,
,,,25.91999873E-6,7.00000022E-3,
,,,25.95199840E-6,7.00000022E-3,
,,,25.98399806E-6,7.00000022E-3,
,,,26.01599772E-6,7.00000022E-3,
,,,26.04799920E-6,7.00000022E-3,
,,,26.07999886E-6,7.00000022E-3,
,,,26.11199852E-6,7.00000022E-3,
,,,26.14399818E-6,7.00000022E-3,
,,,26.17599785E-6,7.00000022E-3,
,,,26.20799933E-6,9.000000544E-3,
,,,26.23999899E-6,9.000000544E-3,
,,,26.27199865E-6,7.00000022E-3,
,,,26.30399831E-6,9.000000544E-3,
,,,26.33599797E-6,7.00000022E-3,
,,,26.36799763E-6,9.000000544E-3,
,,,26.39999911E-6,7.00000022E-3,
,,,26.43199878E-6,9.000000544E-3,
,,,26.46399844E-6,9.000000544E-3,
,,,26.49599810E-6,9.000000544E-3,
,,,26.52799776E-6,9.000000544E-3,
,,,26.55999924E-6,9.000000544E-3,
,,,26.59199890E-6,7.00000022E-3,
,,,26.62399856E-6,7.00000022E-3,
,,,26.65599823E-6,7.00000022E-3,
,,,26.68799789E-6,7.00000022E-3,
,,,26.71999755E-6,7.00000022E-3,
,,,26.75199903E-6,9.000000544E-3,
,,,26.78399869E-6,7.00000022E-3,
,,,26.81599835E-6,7.00000022E-3,
,,,26.84799802E-6,7.00000022E-3,
,,,26.87999768E-6,9.000000544E-3,
,,,26.91199916E-6,9.000000544E-3,
,,,26.94399882E-6,7.00000022E-3,
,,,26.97599848E-6,7.00000022E-3,
,,,27.00799814E-6,7.00000022E-3,
,,,27.03999780E-6,7.00000022E-3,
,,,27.07199928E-6,5.00000035E-3,
,,,27.10399895E-6,7.00000022E-3,
,,,27.13599861E-6,5.00000035E-3,
,,,27.16799827E-6,5.00000035E-3,
,,,27.19999793E-6,5.00000035E-3,
,,,27.23199759E-6,5.00000035E-3,
,,,27.26399907E-6,5.00000035E-3,
,,,27.29599873E-6,5.00000035E-3,
,,,27.32799840E-6,5.00000035E-3,
,,,27.35999806E-6,5.00000035E-3,
,,,27.39199772E-6,5.00000035E-3,
,,,27.42399920E-6,5.00000035E-3,
,,,27.45599886E-6,5.00000035E-3,
,,,27.48799852E-6,5.00000035E-3,
,,,27.51999818E-6,5.00000035E-3,
,,,27.55199785E-6,5.00000035E-3,
,,,27.58399751E-6,5.00000035E-3,
,,,27.61599899E-6,5.00000035E-3,
,,,27.64799865E-6,3.00000003E-3,
,,,27.67999831E-6,3.00000003E-3,
,,,27.71199797E-6,3.00000003E-3,
,,,27.74399763E-6,5.00000035E-3,
,,,27.77599911E-6,5.00000035E-3,
,,,27.80799878E-6,5.00000035E-3,
,,,27.83999844E-6,7.00000022E-3,
,,,27.87199810E-6,3.00000003E-3,
,,,27.90399776E-6,3.00000003E-3,
,,,27.93599924E-6,5.00000035E-3,
,,,27.96799890E-6,5.00000035E-3,
,,,27.99999857E-6,7.00000022E-3,
,,,28.03199823E-6,3.00000003E-3,
,,,28.06399789E-6,5.00000035E-3,
,,,28.09599755E-6,5.00000035E-3,
,,,28.12799903E-6,5.00000035E-3,
,,,28.15999869E-6,5.00000035E-3,
,,,28.19199835E-6,5.00000035E-3,
,,,28.22399802E-6,5.00000035E-3,
,,,28.25599768E-6,5.00000035E-3,
,,,28.28799916E-6,7.00000022E-3,
,,,28.31999882E-6,5.00000035E-3,
,,,28.35199848E-6,5.00000035E-3,
,,,28.38399814E-6,7.00000022E-3,
,,,28.41599780E-6,5.00000035E-3,
,,,28.44799747E-6,5.00000035E-3,
,,,28.47999895E-6,5.00000035E-3,
,,,28.51199861E-6,7.00000022E-3,
,,,28.54399827E-6,5.00000035E-3,
,,,28.57599793E-6,7.00000022E-3,
,,,28.60799759E-6,7.00000022E-3,
,,,28.63999907E-6,7.00000022E-3,
,,,28.67199873E-6,7.00000022E-3,
,,,28.70399840E-6,7.00000022E-3,
,,,28.73599806E-6,7.00000022E-3,
,,,28.76799772E-6,7.00000022E-3,
,,,28.79999920E-6,5.00000035E-3,
,,,28.83199886E-6,7.00000022E-3,
,,,28.86399852E-6,7.00000022E-3,
,,,28.89599818E-6,7.00000022E-3,
,,,28.92799785E-6,7.00000022E-3,
,,,28.95999751E-6,7.00000022E-3,
,,,28.99199899E-6,7.00000022E-3,
,,,29.02399865E-6,7.00000022E-3,
,,,29.05599831E-6,9.000000544E-3,
,,,29.08799797E-6,9.000000544E-3,
,,,29.11999763E-6,7.00000022E-3,
,,,29.15199912E-6,7.00000022E-3,
,,,29.18399878E-6,5.00000035E-3,
,,,29.21599844E-6,7.00000022E-3,
,,,29.24799810E-6,5.00000035E-3,
,,,29.27999776E-6,5.00000035E-3,
,,,29.31199924E-6,5.00000035E-3,
,,,29.34399890E-6,5.00000035E-3,
,,,29.37599857E-6,5.00000035E-3,
,,,29.40799823E-6,5.00000035E-3,
,,,29.43999789E-6,5.00000035E-3,
,,,29.47199755E-6,7.00000022E-3,
,,,29.50399903E-6,5.00000035E-3,
,,,29.53599869E-6,5.00000035E-3,
,,,29.56799835E-6,5.00000035E-3,
,,,29.59999802E-6,5.00000035E-3,
,,,29.63199768E-6,5.00000035E-3,
,,,29.66399916E-6,3.00000003E-3,
,,,29.69599882E-6,5.00000035E-3,
,,,29.72799848E-6,3.00000003E-3,
,,,29.75999814E-6,5.00000035E-3,
,,,29.79199780E-6,3.00000003E-3,
,,,29.82399747E-6,5.00000035E-3,
,,,29.85599895E-6,3.00000003E-3,
,,,29.88799861E-6,3.00000003E-3,
,,,29.91999827E-6,3.00000003E-3,
,,,29.95199793E-6,3.00000003E-3,
,,,29.98399759E-6,3.00000003E-3,
,,,30.01599907E-6,3.00000003E-3,
,,,30.04799873E-6,3.00000003E-3,
,,,30.07999840E-6,3.00000003E-3,
,,,30.11199806E-6,3.00000003E-3,
,,,30.14399772E-6,3.00000003E-3,
,,,30.17599920E-6,3.00000003E-3,
,,,30.20799886E-6,3.00000003E-3,
,,,30.23999852E-6,3.00000003E-3,
,,,30.27199818E-6,3.00000003E-3,
,,,30.30399785E-6,3.00000003E-3,
,,,30.33599751E-6,3.00000003E-3,
,,,30.36799899E-6,3.00000003E-3,
,,,30.39999865E-6,3.00000003E-3,
,,,30.43199831E-6,3.00000003E-3,
,,,30.46399797E-6,3.00000003E-3,
,,,30.49599763E-6,3.00000003E-3,
,,,30.52799730E-6,3.00000003E-3,
,,,30.55999696E-6,5.00000035E-3,
,,,30.59199662E-6,5.00000035E-3,
,,,30.62399992E-6,5.00000035E-3,
,,,30.65599958E-6,3.00000003E-3,
,,,30.68799924E-6,5.00000035E-3,
,,,30.71999890E-6,5.00000035E-3,
,,,30.75199857E-6,5.00000035E-3,
,,,30.78399823E-6,5.00000035E-3,
,,,30.81599789E-6,5.00000035E-3,
,,,30.84799755E-6,5.00000035E-3,
,,,30.87999721E-6,7.00000022E-3,
,,,30.91199687E-6,5.00000035E-3,
,,,30.94399653E-6,7.00000022E-3,
,,,30.97599983E-6,5.00000035E-3,
,,,31.00799950E-6,7.00000022E-3,
,,,31.03999916E-6,7.00000022E-3,
,,,31.07199882E-6,7.00000022E-3,
,,,31.10399848E-6,7.00000022E-3,
,,,31.13599814E-6,7.00000022E-3,
,,,31.16799780E-6,7.00000022E-3,
,,,31.19999747E-6,7.00000022E-3,
,,,31.23199713E-6,7.00000022E-3,
,,,31.26399679E-6,7.00000022E-3,
,,,31.29600009E-6,7.00000022E-3,
,,,31.32799975E-6,7.00000022E-3,
,,,31.35999941E-6,7.00000022E-3,
,,,31.39199907E-6,7.00000022E-3,
,,,31.42399873E-6,7.00000022E-3,
,,,31.45599840E-6,7.00000022E-3,
,,,31.48799806E-6,7.00000022E-3,
,,,31.51999772E-6,7.00000022E-3,
,,,31.55199738E-6,7.00000022E-3,
,,,31.58399704E-6,9.000000544E-3,
,,,31.61599670E-6,9.000000544E-3,
,,,31.64800000E-6,9.000000544E-3,
,,,31.67999967E-6,7.00000022E-3,
,,,31.71199933E-6,7.00000022E-3,
,,,31.74399899E-6,5.00000035E-3,
,,,31.77599865E-6,5.00000035E-3,
,,,31.80799831E-6,5.00000035E-3,
,,,31.83999797E-6,5.00000035E-3,
,,,31.87199763E-6,3.00000003E-3,
,,,31.90399730E-6,5.00000035E-3,
,,,31.93599696E-6,5.00000035E-3,
,,,31.96799662E-6,5.00000035E-3,
